File,ID,Location,LABEL_1,LABEL_2,LABEL_3,LABEL_4,MarmPre,All,AllNoES,Emb,Emb2,Emb3,Emb4,Emb5,Emb6,ES,ESTb,Pre
qc.GSM1643188.bam,qc.GSM1643188,D43,lPGC,cylPGC,cylPGC,PGC_E50,0,0,0,1,1,1,1,1,1,0,0,0
qc.GSM1643189.bam,qc.GSM1643189,D43,lPGC,cylPGC,cylPGC,PGC_E50,0,0,0,1,1,1,1,1,1,0,0,0
qc.GSM1643190.bam,qc.GSM1643190,D43,lPGC,cylPGC,cylPGC,PGC_E50,0,0,0,1,1,1,1,1,1,0,0,0
qc.GSM1643191.bam,qc.GSM1643191,D43,lPGC,cylPGC,cylPGC,PGC_E50,0,0,0,1,1,1,1,1,1,0,0,0
qc.GSM1643192.bam,qc.GSM1643192,D43,lPGC,cylPGC,cylPGC,PGC_E50,0,0,0,1,1,1,1,1,1,0,0,0
qc.GSM1643193.bam,qc.GSM1643193,D43,lPGC,cylPGC,cylPGC,PGC_E50,0,0,0,1,1,1,1,1,1,0,0,0
qc.GSM1643194.bam,qc.GSM1643194,D43,lPGC,cylPGC,cylPGC,PGC_E50,0,0,0,1,1,1,1,1,1,0,0,0
qc.GSM1643195.bam,qc.GSM1643195,D50,lPGC,cylPGC,cylPGC,PGC_E50,0,0,0,1,1,1,1,1,1,0,0,0
qc.GSM1643196.bam,qc.GSM1643196,D50,lPGC,cylPGC,cylPGC,PGC_E50,0,0,0,1,1,1,1,1,1,0,0,0
qc.GSM1643197.bam,qc.GSM1643197,D50,lPGC,cylPGC,cylPGC,PGC_E50,0,0,0,1,1,1,1,1,1,0,0,0
qc.GSM1643198.bam,qc.GSM1643198,D50,lPGC,cylPGC,cylPGC,PGC_E50,0,0,0,1,1,1,1,1,1,0,0,0
qc.GSM1643199.bam,qc.GSM1643199,D50,lPGC,cylPGC,cylPGC,PGC_E50,0,0,0,1,1,1,1,1,1,0,0,0
qc.GSM1643200.bam,qc.GSM1643200,D51,lPGC,cylPGC,cylPGC,PGC_E50,0,0,0,1,1,1,1,1,1,0,0,0
qc.GSM1643201.bam,qc.GSM1643201,D51,lPGC,cylPGC,cylPGC,PGC_E50,0,0,0,1,1,1,1,1,1,0,0,0
qc.GSM1643202.bam,qc.GSM1643202,D51,lPGC,cylPGC,cylPGC,PGC_E50,0,0,0,1,1,1,1,1,1,0,0,0
qc.GSM1643203.bam,qc.GSM1643203,D51,lPGC,cylPGC,cylPGC,PGC_E50,0,0,0,1,1,1,1,1,1,0,0,0
qc.GSM1643204.bam,qc.GSM1643204,D51,lPGC,cylPGC,cylPGC,PGC_E50,0,0,0,1,1,1,1,1,1,0,0,0
qc.GSM1643205.bam,qc.GSM1643205,D51,lPGC,cylPGC,cylPGC,PGC_E50,0,0,0,1,1,1,1,1,1,0,0,0
qc.GSM1643206.bam,qc.GSM1643206,D51,lPGC,cylPGC,cylPGC,PGC_E50,0,0,0,1,1,1,1,1,1,0,0,0
qc.GSM1932150.bam,qc.GSM1932150,CL,cyESC,cyESC,conventional ESCs,ESC_primed,1,1,0,0,0,0,0,0,0,1,1,0
qc.GSM1932151.bam,qc.GSM1932151,CL,cyESC,cyESC,conventional ESCs,ESC_primed,1,1,0,0,0,0,0,0,0,1,1,0
qc.GSM1932152.bam,qc.GSM1932152,CL,cyESC,cyESC,conventional ESCs,ESC_primed,1,1,0,0,0,0,0,0,0,1,1,0
qc.GSM1932153.bam,qc.GSM1932153,CL,cyESC,cyESC,conventional ESCs,ESC_primed,1,1,0,0,0,0,0,0,0,1,1,0
qc.GSM1932154.bam,qc.GSM1932154,CL,cyESC,cyESC,conventional ESCs,ESC_primed,1,1,0,0,0,0,0,0,0,1,1,0
qc.GSM1932155.bam,qc.GSM1932155,CL,cyESC,cyESC,conventional ESCs,ESC_primed,1,1,0,0,0,0,0,0,0,1,1,0
qc.GSM1932156.bam,qc.GSM1932156,CL,cyESC,cyESC,conventional ESCs,ESC_primed,1,1,0,0,0,0,0,0,0,1,1,0
qc.GSM1932157.bam,qc.GSM1932157,CL,cyESC,cyESC,conventional ESCs,ESC_primed,1,1,0,0,0,0,0,0,0,1,1,0
qc.GSM1932158.bam,qc.GSM1932158,CL,cyESC,cyESC,conventional ESCs,ESC_primed,1,1,0,0,0,0,0,0,0,1,1,0
qc.GSM1932159.bam,qc.GSM1932159,CL,cyESC,cyESC,conventional ESCs,ESC_primed,1,1,0,0,0,0,0,0,0,1,1,0
qc.GSM1932160.bam,qc.GSM1932160,CL,cyESC,cyESC,conventional ESCs,ESC_primed,1,1,0,0,0,0,0,0,0,1,1,0
qc.GSM1932161.bam,qc.GSM1932161,CL,cyESC,cyESC,conventional ESCs,ESC_primed,1,1,0,0,0,0,0,0,0,1,1,0
qc.GSM1932162.bam,qc.GSM1932162,CL,cyESC,cyESC,conventional ESCs,ESC_primed,1,1,0,0,0,0,0,0,0,1,1,0
qc.GSM1932163.bam,qc.GSM1932163,CL,cyESC,cyESC,conventional ESCs,ESC_primed,1,1,0,0,0,0,0,0,0,1,1,0
qc.GSM1932164.bam,qc.GSM1932164,CL,cyESC,cyESC,conventional ESCs,ESC_primed,1,1,0,0,0,0,0,0,0,1,1,0
qc.GSM1932165.bam,qc.GSM1932165,CL,cyESC,cyESC,conventional ESCs,ESC_primed,1,1,0,0,0,0,0,0,0,1,1,0
qc.GSM1932166.bam,qc.GSM1932166,CL,cyESC,cyESC,conventional ESCs,ESC_primed,1,1,0,0,0,0,0,0,0,1,1,0
qc.GSM1932167.bam,qc.GSM1932167,CL,cyESC,cyESC,conventional ESCs,ESC_primed,1,1,0,0,0,0,0,0,0,1,1,0
qc.GSM1932168.bam,qc.GSM1932168,CL,cyESC,cyESC,conventional ESCs,ESC_primed,1,1,0,0,0,0,0,0,0,1,1,0
qc.GSM1932169.bam,qc.GSM1932169,CL,cyESC,cyESC,conventional ESCs,ESC_primed,1,1,0,0,0,0,0,0,0,1,1,0
qc.GSM1932170.bam,qc.GSM1932170,CL,cyESC,cyESC,conventional ESCs,ESC_primed,1,1,0,0,0,0,0,0,0,1,1,0
qc.GSM1932171.bam,qc.GSM1932171,CL,cyESC,cyESC,conventional ESCs,ESC_primed,1,1,0,0,0,0,0,0,0,1,1,0
qc.GSM1932172.bam,qc.GSM1932172,CL,cyESC,cyESC,conventional ESCs,ESC_primed,1,1,0,0,0,0,0,0,0,1,1,0
qc.GSM1932173.bam,qc.GSM1932173,CL,cyESC,cyESC,conventional ESCs,ESC_primed,1,1,0,0,0,0,0,0,0,1,1,0
qc.GSM1932174.bam,qc.GSM1932174,CL,cyESC,cyESC,conventional ESCs,ESC_primed,1,1,0,0,0,0,0,0,0,1,1,0
qc.GSM1932175.bam,qc.GSM1932175,CL,cyESC,cyESC,conventional ESCs,ESC_primed,1,1,0,0,0,0,0,0,0,1,1,0
qc.GSM1932176.bam,qc.GSM1932176,CL,cyESC,cyESC,conventional ESCs,ESC_primed,1,1,0,0,0,0,0,0,0,1,1,0
qc.GSM1932177.bam,qc.GSM1932177,CL,cyESC,cyESC,conventional ESCs,ESC_primed,1,1,0,0,0,0,0,0,0,1,1,0
qc.GSM1932178.bam,qc.GSM1932178,CL,cyESC,cyESC,conventional ESCs,ESC_primed,1,1,0,0,0,0,0,0,0,1,1,0
qc.GSM1932179.bam,qc.GSM1932179,CL,cyESC,cyESC,conventional ESCs,ESC_primed,1,1,0,0,0,0,0,0,0,1,1,0
qc.GSM1932180.bam,qc.GSM1932180,CL,cyESC,cyESC,conventional ESCs,ESC_primed,1,1,0,0,0,0,0,0,0,1,1,0
qc.GSM1932181.bam,qc.GSM1932181,E13,ExMes,cyExMes_E13,ExMes_CS5,ExMes_CS5,0,1,1,0,0,1,0,1,1,0,0,0
qc.GSM1932182.bam,qc.GSM1932182,E13,ExMes,cyExMes_E13,ExMes_CS5,ExMes_CS5,0,1,1,0,0,1,0,1,1,0,0,0
qc.GSM1932183.bam,qc.GSM1932183,E13,ExMes,cyExMes_E13,ExMes_CS5,ExMes_CS5,0,1,1,0,0,1,0,1,1,0,0,0
qc.GSM1932184.bam,qc.GSM1932184,E13,ExMes,cyExMes_E13,ExMes_CS5,ExMes_CS5,0,1,1,0,0,1,0,1,1,0,0,0
qc.GSM1932185.bam,qc.GSM1932185,E13,ExMes,cyExMes_E13,ExMes_CS5,ExMes_CS5,0,1,1,0,0,1,0,1,1,0,0,0
qc.GSM1932186.bam,qc.GSM1932186,E13,ExMes,cyExMes_E13,ExMes_CS5,ExMes_CS5,0,1,1,0,0,1,0,1,1,0,0,0
qc.GSM1932187.bam,qc.GSM1932187,E13,ExMes,cyExMes_E13,ExMes_CS5,ExMes_CS5,0,1,1,0,0,1,0,1,1,0,0,0
qc.GSM1932188.bam,qc.GSM1932188,E13,ExMes,cyExMes_E13,ExMes_CS5,ExMes_CS5,0,1,1,0,0,1,0,1,1,0,0,0
qc.GSM1932189.bam,qc.GSM1932189,E13,ExMes,cyExMes_E13,ExMes_CS5,ExMes_CS5,0,1,1,0,0,1,0,1,1,0,0,0
qc.GSM1932190.bam,qc.GSM1932190,E13,ExMes,cyExMes_E13,ExMes_CS5,ExMes_CS5,0,1,1,0,0,1,0,1,1,0,0,0
qc.GSM1932191.bam,qc.GSM1932191,E13,ExMes,cyExMes_E13,ExMes_CS5,ExMes_CS5,0,1,1,0,0,1,0,1,1,0,0,0
qc.GSM1932192.bam,qc.GSM1932192,E13,ExMes,cyExMes_E13,ExMes_CS5,ExMes_CS5,0,1,1,0,0,1,0,1,1,0,0,0
qc.GSM1932193.bam,qc.GSM1932193,E13,ExMes,cyExMes_E13,ExMes_CS5,ExMes_CS5,0,1,1,0,0,1,0,1,1,0,0,0
qc.GSM1932194.bam,qc.GSM1932194,E13,ExMes,cyExMes_E13,ExMes_CS5,ExMes_CS5,0,1,1,0,0,1,0,1,1,0,0,0
qc.GSM1932195.bam,qc.GSM1932195,E13,ExMes,cyExMes_E13,ExMes_CS5,ExMes_CS5,0,1,1,0,0,1,0,1,1,0,0,0
qc.GSM1932196.bam,qc.GSM1932196,E13,ExMes,cyExMes_E13,ExMes_CS5,ExMes_CS5,0,1,1,0,0,1,0,1,1,0,0,0
qc.GSM1932197.bam,qc.GSM1932197,E14,ExMes,cyExMes_E14,ExMes_CS6/7,ExMes_CS6/7,0,1,1,0,0,1,0,1,1,0,0,0
qc.GSM1932198.bam,qc.GSM1932198,E14,ExMes,cyExMes_E14,ExMes_CS6/7,ExMes_CS6/7,0,1,1,0,0,1,0,1,1,0,0,0
qc.GSM1932199.bam,qc.GSM1932199,E14,ExMes,cyExMes_E14,ExMes_CS6/7,ExMes_CS6/7,0,1,1,0,0,1,0,1,1,0,0,0
qc.GSM1932200.bam,qc.GSM1932200,E14,ExMes,cyExMes_E14,ExMes_CS6/7,ExMes_CS6/7,0,1,1,0,0,1,0,1,1,0,0,0
qc.GSM1932201.bam,qc.GSM1932201,E14,ExMes,cyExMes_E14,ExMes_CS6/7,ExMes_CS6/7,0,1,1,0,0,1,0,1,1,0,0,0
qc.GSM1932202.bam,qc.GSM1932202,E14,ExMes,cyExMes_E14,ExMes_CS6/7,ExMes_CS6/7,0,1,1,0,0,1,0,1,1,0,0,0
qc.GSM1932203.bam,qc.GSM1932203,E14,ExMes,cyExMes_E14,ExMes_CS6/7,ExMes_CS6/7,0,1,1,0,0,1,0,1,1,0,0,0
qc.GSM1932204.bam,qc.GSM1932204,E14,ExMes,cyExMes_E14,ExMes_CS6/7,ExMes_CS6/7,0,1,1,0,0,1,0,1,1,0,0,0
qc.GSM1932205.bam,qc.GSM1932205,E14,ExMes,cyExMes_E14,ExMes_CS6/7,ExMes_CS6/7,0,1,1,0,0,1,0,1,1,0,0,0
qc.GSM1932206.bam,qc.GSM1932206,E14,ExMes,cyExMes_E14,ExMes_CS6/7,ExMes_CS6/7,0,1,1,0,0,1,0,1,1,0,0,0
qc.GSM1932207.bam,qc.GSM1932207,E14,ExMes,cyExMes_E14,ExMes_CS6/7,ExMes_CS6/7,0,1,1,0,0,1,0,1,1,0,0,0
qc.GSM1932208.bam,qc.GSM1932208,E14,ExMes,cyExMes_E14,ExMes_CS6/7,ExMes_CS6/7,0,1,1,0,0,1,0,1,1,0,0,0
qc.GSM1932209.bam,qc.GSM1932209,E14,ExMes,cyExMes_E14,ExMes_CS6/7,ExMes_CS6/7,0,1,1,0,0,1,0,1,1,0,0,0
qc.GSM1932210.bam,qc.GSM1932210,E14,ExMes,cyExMes_E14,ExMes_CS6/7,ExMes_CS6/7,0,1,1,0,0,1,0,1,1,0,0,0
qc.GSM1932211.bam,qc.GSM1932211,E16,ExMes,cyExMes_E16,ExMes_CS6/7,ExMes_CS6/7,0,1,1,0,0,1,0,1,1,0,0,0
qc.GSM1932212.bam,qc.GSM1932212,E16,ExMes,cyExMes_E16,ExMes_CS6/7,ExMes_CS6/7,0,1,1,0,0,1,0,1,1,0,0,0
qc.GSM1932213.bam,qc.GSM1932213,E13,Gast,cyGast_E13,EmDisc_CS5,EmDisc_CS5,0,1,1,1,1,1,1,1,1,1,1,0
qc.GSM1932214.bam,qc.GSM1932214,E13,Gast,cyGast_E13,EmDisc_CS5,EmDisc_CS5,0,1,1,1,1,1,1,1,1,1,1,0
qc.GSM1932215.bam,qc.GSM1932215,E14,Gast,cyGast_E14,EmDisc_CS6/7,EmDisc_CS6/7,0,1,1,1,1,1,1,1,1,1,1,0
qc.GSM1932216.bam,qc.GSM1932216,E14,Gast,cyGast_E14,EmDisc_CS6/7,EmDisc_CS6/7,0,1,1,1,1,1,1,1,1,1,1,0
qc.GSM1932217.bam,qc.GSM1932217,E14,Gast,cyGast_E14,EmDisc_CS6/7,EmDisc_CS6/7,0,1,1,1,1,1,1,1,1,1,1,0
qc.GSM1932218.bam,qc.GSM1932218,E14,Gast,cyGast_E14,EmDisc_CS6/7,EmDisc_CS6/7,0,1,1,1,1,1,1,1,1,1,1,0
qc.GSM1932219.bam,qc.GSM1932219,E14,Gast,cyGast_E14,EmDisc_CS6/7,EmDisc_CS6/7,0,1,1,1,1,1,1,1,1,1,1,0
qc.GSM1932220.bam,qc.GSM1932220,E14,Gast,cyGast_E14,EmDisc_CS6/7,EmDisc_CS6/7,0,1,1,1,1,1,1,1,1,1,1,0
qc.GSM1932221.bam,qc.GSM1932221,E14,Gast,cyGast_E14,EmDisc_CS6/7,EmDisc_CS6/7,0,1,1,1,1,1,1,1,1,1,1,0
qc.GSM1932222.bam,qc.GSM1932222,E14,Gast,cyGast_E14,EmDisc_CS6/7,EmDisc_CS6/7,0,1,1,1,1,1,1,1,1,1,1,0
qc.GSM1932223.bam,qc.GSM1932223,E14,Gast,cyGast_E14,EmDisc_CS6/7,EmDisc_CS6/7,0,1,1,1,1,1,1,1,1,1,1,0
qc.GSM1932224.bam,qc.GSM1932224,E14,Gast,cyGast_E14,EmDisc_CS6/7,EmDisc_CS6/7,0,1,1,1,1,1,1,1,1,1,1,0
qc.GSM1932225.bam,qc.GSM1932225,E16,PostLEpi,cyEmDisc_E16,EmDisc_CS6/7,EmDisc_CS6/7,0,1,1,1,1,1,1,1,1,1,1,0
qc.GSM1932226.bam,qc.GSM1932226,E16,PostLEpi,cyEmDisc_E16,EmDisc_CS6/7,EmDisc_CS6/7,0,1,1,1,1,1,1,1,1,1,1,0
qc.GSM1932227.bam,qc.GSM1932227,E16,PostLEpi,cyEmDisc_E16,EmDisc_CS6/7,EmDisc_CS6/7,0,1,1,1,1,1,1,1,1,1,1,0
qc.GSM1932228.bam,qc.GSM1932228,E16,PostLEpi,cyEmDisc_E16,EmDisc_CS6/7,EmDisc_CS6/7,0,1,1,1,1,1,1,1,1,1,1,0
qc.GSM1932229.bam,qc.GSM1932229,E17,PostLEpi,cyEmDisc_E17,EmDisc_CS6/7,EmDisc_CS6/7,0,1,1,1,1,1,1,1,1,1,1,0
qc.GSM1932230.bam,qc.GSM1932230,E17,PostLEpi,cyEmDisc_E17,EmDisc_CS6/7,EmDisc_CS6/7,0,1,1,1,1,1,1,1,1,1,1,0
qc.GSM1932231.bam,qc.GSM1932231,E16,Gast,cyGast_E16,EmDisc_CS6/7,EmDisc_CS6/7,0,1,1,1,1,1,1,1,1,1,1,0
qc.GSM1932232.bam,qc.GSM1932232,E16,Gast,cyGast_E16,EmDisc_CS6/7,EmDisc_CS6/7,0,1,1,1,1,1,1,1,1,1,1,0
qc.GSM1932233.bam,qc.GSM1932233,E16,Gast,cyGast_E16,EmDisc_CS6/7,EmDisc_CS6/7,0,1,1,1,1,1,1,1,1,1,1,0
qc.GSM1932234.bam,qc.GSM1932234,E17,Gast,cyGast_E17,EmDisc_CS6/7,EmDisc_CS6/7,0,1,1,1,1,1,1,1,1,1,1,0
qc.GSM1932235.bam,qc.GSM1932235,E17,Gast,cyGast_E17,EmDisc_CS6/7,EmDisc_CS6/7,0,1,1,1,1,1,1,1,1,1,1,0
qc.GSM1932236.bam,qc.GSM1932236,E17,Gast,cyGast_E17,EmDisc_CS6/7,EmDisc_CS6/7,0,1,1,1,1,1,1,1,1,1,1,0
qc.GSM1932237.bam,qc.GSM1932237,E17,Gast,cyGast_E17,EmDisc_CS6/7,EmDisc_CS6/7,0,1,1,1,1,1,1,1,1,1,1,0
qc.GSM1932238.bam,qc.GSM1932238,E17,Gast,cyGast_E17,EmDisc_CS6/7,EmDisc_CS6/7,0,1,1,1,1,1,1,1,1,1,1,0
qc.GSM1932239.bam,qc.GSM1932239,E17,Gast,cyGast_E17,EmDisc_CS6/7,EmDisc_CS6/7,0,1,1,1,1,1,1,1,1,1,1,0
qc.GSM1932240.bam,qc.GSM1932240,E17,Gast,cyGast_E17,EmDisc_CS6/7,EmDisc_CS6/7,0,1,1,1,1,1,1,1,1,1,1,0
qc.GSM1932241.bam,qc.GSM1932241,E17,Gast,cyGast_E17,EmDisc_CS6/7,EmDisc_CS6/7,0,1,1,1,1,1,1,1,1,1,1,0
qc.GSM1932242.bam,qc.GSM1932242,E17,Gast,cyGast_E17,EmDisc_CS6/7,EmDisc_CS6/7,0,1,1,1,1,1,1,1,1,1,1,0
qc.GSM1932243.bam,qc.GSM1932243,E17,Gast,cyGast_E17,EmDisc_CS6/7,EmDisc_CS6/7,0,1,1,1,1,1,1,1,1,1,1,0
qc.GSM1932244.bam,qc.GSM1932244,E16,Gast,cyGast_E16,EmDisc_CS6/7,EmDisc_CS6/7,0,1,1,1,1,1,1,1,1,1,1,0
qc.GSM1932245.bam,qc.GSM1932245,E16,Gast,cyGast_E16,EmDisc_CS6/7,EmDisc_CS6/7,0,1,1,1,1,1,1,1,1,1,1,0
qc.GSM1932246.bam,qc.GSM1932246,E16,Gast,cyGast_E16,EmDisc_CS6/7,EmDisc_CS6/7,0,1,1,1,1,1,1,1,1,1,1,0
qc.GSM1932247.bam,qc.GSM1932247,E16,Gast,cyGast_E16,EmDisc_CS6/7,EmDisc_CS6/7,0,1,1,1,1,1,1,1,1,1,1,0
qc.GSM1932248.bam,qc.GSM1932248,E16,Gast,cyGast_E16,EmDisc_CS6/7,EmDisc_CS6/7,0,1,1,1,1,1,1,1,1,1,1,0
qc.GSM1932249.bam,qc.GSM1932249,E16,Gast,cyGast_E16,EmDisc_CS6/7,EmDisc_CS6/7,0,1,1,1,1,1,1,1,1,1,1,0
qc.GSM1932250.bam,qc.GSM1932250,E17,Gast,cyGast_E17,EmDisc_CS6/7,EmDisc_CS6/7,0,1,1,1,1,1,1,1,1,1,1,0
qc.GSM1932251.bam,qc.GSM1932251,E17,Gast,cyGast_E17,EmDisc_CS6/7,EmDisc_CS6/7,0,1,1,1,1,1,1,1,1,1,1,0
qc.GSM1932252.bam,qc.GSM1932252,E17,Gast,cyGast_E17,EmDisc_CS6/7,EmDisc_CS6/7,0,1,1,1,1,1,1,1,1,1,1,0
qc.GSM1932253.bam,qc.GSM1932253,E17,Gast,cyGast_E17,EmDisc_CS6/7,EmDisc_CS6/7,0,1,1,1,1,1,1,1,1,1,1,0
qc.GSM1932254.bam,qc.GSM1932254,E17,Gast,cyGast_E17,EmDisc_CS6/7,EmDisc_CS6/7,0,1,1,1,1,1,1,1,1,1,1,0
qc.GSM1932255.bam,qc.GSM1932255,E17,Gast,cyGast_E17,EmDisc_CS6/7,EmDisc_CS6/7,0,1,1,1,1,1,1,1,1,1,1,0
qc.GSM1932256.bam,qc.GSM1932256,E17,Gast,cyGast_E17,EmDisc_CS6/7,EmDisc_CS6/7,0,1,1,1,1,1,1,1,1,1,1,0
qc.GSM1932257.bam,qc.GSM1932257,E07,Hypo,cyHypo_E7,Hypoblast_CS3,Hyp_CS3,1,1,1,0,1,1,1,1,0,0,0,1
qc.GSM1932258.bam,qc.GSM1932258,E07,Hypo,cyHypo_E7,Hypoblast_CS3,Hyp_CS3,1,1,1,0,1,1,1,1,0,0,0,1
qc.GSM1932259.bam,qc.GSM1932259,E07,Hypo,cyHypo_E7,Hypoblast_CS3,Hyp_CS3,1,1,1,0,1,1,1,1,0,0,0,1
qc.GSM1932260.bam,qc.GSM1932260,E07,Hypo,cyHypo_E7,Hypoblast_CS3,Hyp_CS3,1,1,1,0,1,1,1,1,0,0,0,1
qc.GSM1932261.bam,qc.GSM1932261,E07,Hypo,cyHypo_E7,Hypoblast_CS3,Hyp_CS3,1,1,1,0,1,1,1,1,0,0,0,1
qc.GSM1932262.bam,qc.GSM1932262,E07,Hypo,cyHypo_E7,Hypoblast_CS3,Hyp_CS3,1,1,1,0,1,1,1,1,0,0,0,1
qc.GSM1932263.bam,qc.GSM1932263,E07,Hypo,cyHypo_E7,Hypoblast_CS3,Hyp_CS3,1,1,1,0,1,1,1,1,0,0,0,1
qc.GSM1932264.bam,qc.GSM1932264,E07,Hypo,cyHypo_E7,Hypoblast_CS3,Hyp_CS3,1,1,1,0,1,1,1,1,0,0,0,1
qc.GSM1932265.bam,qc.GSM1932265,E07,Hypo,cyHypo_E7,Hypoblast_CS3,Hyp_CS3,1,1,1,0,1,1,1,1,0,0,0,1
qc.GSM1932266.bam,qc.GSM1932266,E07,Hypo,cyHypo_E7,Hypoblast_CS3,Hyp_CS3,1,1,1,0,1,1,1,1,0,0,0,1
qc.GSM1932267.bam,qc.GSM1932267,E08,Hypo,cyHypo_E8,Hypoblast_CS3,Hyp_CS3,1,1,1,0,1,1,1,1,0,0,0,1
qc.GSM1932268.bam,qc.GSM1932268,E08,Hypo,cyHypo_E8,Hypoblast_CS3,Hyp_CS3,1,1,1,0,1,1,1,1,0,0,0,1
qc.GSM1932269.bam,qc.GSM1932269,E08,Hypo,cyHypo_E8,Hypoblast_CS3,Hyp_CS3,1,1,1,0,1,1,1,1,0,0,0,1
qc.GSM1932270.bam,qc.GSM1932270,E08,Hypo,cyHypo_E8,Hypoblast_CS3,Hyp_CS3,1,1,1,0,1,1,1,1,0,0,0,1
qc.GSM1932271.bam,qc.GSM1932271,E08,Hypo,cyHypo_E8,Hypoblast_CS3,Hyp_CS3,1,1,1,0,1,1,1,1,0,0,0,1
qc.GSM1932272.bam,qc.GSM1932272,E08,Hypo,cyHypo_E8,Hypoblast_CS3,Hyp_CS3,1,1,1,0,1,1,1,1,0,0,0,1
qc.GSM1932273.bam,qc.GSM1932273,E08,Hypo,cyHypo_E8,Hypoblast_CS3,Hyp_CS3,1,1,1,0,1,1,1,1,0,0,0,1
qc.GSM1932274.bam,qc.GSM1932274,E08,Hypo,cyHypo_E8,Hypoblast_CS3,Hyp_CS3,1,1,1,0,1,1,1,1,0,0,0,1
qc.GSM1932275.bam,qc.GSM1932275,E08,Hypo,cyHypo_E8,Hypoblast_CS3,Hyp_CS3,1,1,1,0,1,1,1,1,0,0,0,1
qc.GSM1932276.bam,qc.GSM1932276,E08,Hypo,cyHypo_E8,Hypoblast_CS3,Hyp_CS3,1,1,1,0,1,1,1,1,0,0,0,1
qc.GSM1932277.bam,qc.GSM1932277,E08,Hypo,cyHypo_E8,Hypoblast_CS3,Hyp_CS3,1,1,1,0,1,1,1,1,0,0,0,1
qc.GSM1932278.bam,qc.GSM1932278,E08,Hypo,cyHypo_E8,Hypoblast_CS3,Hyp_CS3,1,1,1,0,1,1,1,1,0,0,0,1
qc.GSM1932279.bam,qc.GSM1932279,E08,Hypo,cyHypo_E8,Hypoblast_CS3,Hyp_CS3,1,1,1,0,1,1,1,1,0,0,0,1
qc.GSM1932280.bam,qc.GSM1932280,E08,Hypo,cyHypo_E8,Hypoblast_CS3,Hyp_CS3,1,1,1,0,1,1,1,1,0,0,0,1
qc.GSM1932281.bam,qc.GSM1932281,E08,Hypo,cyHypo_E8,Hypoblast_CS3,Hyp_CS3,1,1,1,0,1,1,1,1,0,0,0,1
qc.GSM1932282.bam,qc.GSM1932282,E08,Hypo,cyHypo_E8,Hypoblast_CS3,Hyp_CS3,1,1,1,0,1,1,1,1,0,0,0,1
qc.GSM1932283.bam,qc.GSM1932283,E08,Hypo,cyHypo_E8,Hypoblast_CS3,Hyp_CS3,1,1,1,0,1,1,1,1,0,0,0,1
qc.GSM1932284.bam,qc.GSM1932284,E08,Hypo,cyHypo_E8,Hypoblast_CS3,Hyp_CS3,1,1,1,0,1,1,1,1,0,0,0,1
qc.GSM1932285.bam,qc.GSM1932285,E08,Hypo,cyHypo_E8,Hypoblast_CS3,Hyp_CS3,1,1,1,0,1,1,1,1,0,0,0,1
qc.GSM1932286.bam,qc.GSM1932286,E08,Hypo,cyHypo_E8,Hypoblast_CS3,Hyp_CS3,1,1,1,0,1,1,1,1,0,0,0,1
qc.GSM1932287.bam,qc.GSM1932287,E08,Hypo,cyHypo_E8,Hypoblast_CS3,Hyp_CS3,1,1,1,0,1,1,1,1,0,0,0,1
qc.GSM1932288.bam,qc.GSM1932288,E08,Hypo,cyHypo_E8,Hypoblast_CS3,Hyp_CS3,1,1,1,0,1,1,1,1,0,0,0,1
qc.GSM1932289.bam,qc.GSM1932289,E08,Hypo,cyHypo_E8,Hypoblast_CS3,Hyp_CS3,1,1,1,0,1,1,1,1,0,0,0,1
qc.GSM1932290.bam,qc.GSM1932290,E08,Hypo,cyHypo_E8,Hypoblast_CS3,Hyp_CS3,1,1,1,0,1,1,1,1,0,0,0,1
qc.GSM1932291.bam,qc.GSM1932291,E08,Hypo,cyHypo_E8,Hypoblast_CS3,Hyp_CS3,1,1,1,0,1,1,1,1,0,0,0,1
qc.GSM1932292.bam,qc.GSM1932292,E08,Hypo,cyHypo_E8,Hypoblast_CS3,Hyp_CS3,1,1,1,0,1,1,1,1,0,0,0,1
qc.GSM1932293.bam,qc.GSM1932293,E08,Hypo,cyHypo_E8,Hypoblast_CS3,Hyp_CS3,1,1,1,0,1,1,1,1,0,0,0,1
qc.GSM1932294.bam,qc.GSM1932294,E08,Hypo,cyHypo_E8,Hypoblast_CS3,Hyp_CS3,1,1,1,0,1,1,1,1,0,0,0,1
qc.GSM1932295.bam,qc.GSM1932295,E08,Hypo,cyHypo_E8,Hypoblast_CS3,Hyp_CS3,1,1,1,0,1,1,1,1,0,0,0,1
qc.GSM1932296.bam,qc.GSM1932296,E08,Hypo,cyHypo_E8,Hypoblast_CS3,Hyp_CS3,1,1,1,0,1,1,1,1,0,0,0,1
qc.GSM1932297.bam,qc.GSM1932297,E08,Hypo,cyHypo_E8,Hypoblast_CS3,Hyp_CS3,1,1,1,0,1,1,1,1,0,0,0,1
qc.GSM1932298.bam,qc.GSM1932298,E08,Hypo,cyHypo_E8,Hypoblast_CS3,Hyp_CS3,1,1,1,0,1,1,1,1,0,0,0,1
qc.GSM1932299.bam,qc.GSM1932299,E08,Hypo,cyHypo_E8,Hypoblast_CS3,Hyp_CS3,1,1,1,0,1,1,1,1,0,0,0,1
qc.GSM1932300.bam,qc.GSM1932300,E08,Hypo,cyHypo_E8,Hypoblast_CS3,Hyp_CS3,1,1,1,0,1,1,1,1,0,0,0,1
qc.GSM1932301.bam,qc.GSM1932301,E08,Hypo,cyHypo_E8,Hypoblast_CS3,Hyp_CS3,1,1,1,0,1,1,1,1,0,0,0,1
qc.GSM1932302.bam,qc.GSM1932302,E08,Hypo,cyHypo_E8,Hypoblast_CS3,Hyp_CS3,1,1,1,0,1,1,1,1,0,0,0,1
qc.GSM1932303.bam,qc.GSM1932303,E08,Hypo,cyHypo_E8,Hypoblast_CS3,Hyp_CS3,1,1,1,0,1,1,1,1,0,0,0,1
qc.GSM1932304.bam,qc.GSM1932304,E09,Hypo,cyHypo_E9,Hypoblast_CS3,Hyp_CS3,1,1,1,0,1,1,1,1,0,0,0,1
qc.GSM1932305.bam,qc.GSM1932305,E09,Hypo,cyHypo_E9,Hypoblast_CS3,Hyp_CS3,1,1,1,0,1,1,1,1,0,0,0,1
qc.GSM1932306.bam,qc.GSM1932306,E09,Hypo,cyHypo_E9,Hypoblast_CS3,Hyp_CS3,1,1,1,0,1,1,1,1,0,0,0,1
qc.GSM1932307.bam,qc.GSM1932307,E09,Hypo,cyHypo_E9,Hypoblast_CS3,Hyp_CS3,1,1,1,0,1,1,1,1,0,0,0,1
qc.GSM1932308.bam,qc.GSM1932308,E09,Hypo,cyHypo_E9,Hypoblast_CS3,Hyp_CS3,1,1,1,0,1,1,1,1,0,0,0,1
qc.GSM1932309.bam,qc.GSM1932309,E09,Hypo,cyHypo_E9,Hypoblast_CS3,Hyp_CS3,1,1,1,0,1,1,1,1,0,0,0,1
qc.GSM1932310.bam,qc.GSM1932310,E09,Hypo,cyHypo_E9,Hypoblast_CS3,Hyp_CS3,1,1,1,0,1,1,1,1,0,0,0,1
qc.GSM1932311.bam,qc.GSM1932311,E06,ICM,cyICM_E6,earlyICM_CS3,ICM_CS3,1,1,1,1,1,1,1,1,0,1,1,1
qc.GSM1932312.bam,qc.GSM1932312,E06,ICM,cyICM_E6,earlyICM_CS3,ICM_CS3,1,1,1,1,1,1,1,1,0,1,1,1
qc.GSM1932313.bam,qc.GSM1932313,E06,ICM,cyICM_E6,earlyICM_CS3,ICM_CS3,1,1,1,1,1,1,1,1,0,1,1,1
qc.GSM1932314.bam,qc.GSM1932314,E06,ICM,cyICM_E6,earlyICM_CS3,ICM_CS3,1,1,1,1,1,1,1,1,0,1,1,1
qc.GSM1932315.bam,qc.GSM1932315,E06,ICM,cyICM_E6,earlyICM_CS3,ICM_CS3,1,1,1,1,1,1,1,1,0,1,1,1
qc.GSM1932316.bam,qc.GSM1932316,E06,ICM,cyICM_E6,earlyICM_CS3,ICM_CS3,1,1,1,1,1,1,1,1,0,1,1,1
qc.GSM1932317.bam,qc.GSM1932317,E06,ICM,cyICM_E6,earlyICM_CS3,ICM_CS3,1,1,1,1,1,1,1,1,0,1,1,1
qc.GSM1932318.bam,qc.GSM1932318,E06,ICM,cyICM_E6,earlyICM_CS3,ICM_CS3,1,1,1,1,1,1,1,1,0,1,1,1
qc.GSM1932319.bam,qc.GSM1932319,E06,ICM,cyICM_E6,earlyICM_CS3,ICM_CS3,1,1,1,1,1,1,1,1,0,1,1,1
qc.GSM1932320.bam,qc.GSM1932320,E06,ICM,cyICM_E6,earlyICM_CS3,ICM_CS3,1,1,1,1,1,1,1,1,0,1,1,1
qc.GSM1932321.bam,qc.GSM1932321,E06,ICM,cyICM_E6,earlyICM_CS3,ICM_CS3,1,1,1,1,1,1,1,1,0,1,1,1
qc.GSM1932322.bam,qc.GSM1932322,E06,ICM,cyICM_E6,earlyICM_CS3,ICM_CS3,1,1,1,1,1,1,1,1,0,1,1,1
qc.GSM1932323.bam,qc.GSM1932323,E06,ICM,cyICM_E6,earlyICM_CS3,ICM_CS3,1,1,1,1,1,1,1,1,0,1,1,1
qc.GSM1932324.bam,qc.GSM1932324,E06,ICM,cyICM_E6,earlyICM_CS3,ICM_CS3,1,1,1,1,1,1,1,1,0,1,1,1
qc.GSM1932325.bam,qc.GSM1932325,E06,ICM,cyICM_E6,earlyICM_CS3,ICM_CS3,1,1,1,1,1,1,1,1,0,1,1,1
qc.GSM1932326.bam,qc.GSM1932326,E06,ICM,cyICM_E6,earlyICM_CS3,ICM_CS3,1,1,1,1,1,1,1,1,0,1,1,1
qc.GSM1932327.bam,qc.GSM1932327,E06,ICM,cyICM_E6,earlyICM_CS3,ICM_CS3,1,1,1,1,1,1,1,1,0,1,1,1
qc.GSM1932328.bam,qc.GSM1932328,E06,PreETb,cyTb_E6,Trophoblast_CS3,Tb_CS3,1,1,1,0,0,0,0,0,0,0,1,1
qc.GSM1932329.bam,qc.GSM1932329,E06,ICM,cyICM_E6,earlyICM_CS3,ICM_CS3,1,1,1,1,1,1,1,1,0,1,1,1
qc.GSM1932330.bam,qc.GSM1932330,E06,ICM,cyICM_E6,earlyICM_CS3,ICM_CS3,1,1,1,1,1,1,1,1,0,1,1,1
qc.GSM1932331.bam,qc.GSM1932331,E06,ICM,cyICM_E6,earlyICM_CS3,ICM_CS3,1,1,1,1,1,1,1,1,0,1,1,1
qc.GSM1932332.bam,qc.GSM1932332,E06,ICM,cyICM_E6,earlyICM_CS3,ICM_CS3,1,1,1,1,1,1,1,1,0,1,1,1
qc.GSM1932333.bam,qc.GSM1932333,E06,ICM,cyICM_E6,earlyICM_CS3,ICM_CS3,1,1,1,1,1,1,1,1,0,1,1,1
qc.GSM1932334.bam,qc.GSM1932334,E06,ICM,cyICM_E6,earlyICM_CS3,ICM_CS3,1,1,1,1,1,1,1,1,0,1,1,1
qc.GSM1932335.bam,qc.GSM1932335,E06,ICM,cyICM_E6,earlyICM_CS3,ICM_CS3,1,1,1,1,1,1,1,1,0,1,1,1
qc.GSM1932336.bam,qc.GSM1932336,E06,ICM,cyICM_E6,earlyICM_CS3,ICM_CS3,1,1,1,1,1,1,1,1,0,1,1,1
qc.GSM1932337.bam,qc.GSM1932337,E06,ICM,cyICM_E6,earlyICM_CS3,ICM_CS3,1,1,1,1,1,1,1,1,0,1,1,1
qc.GSM1932338.bam,qc.GSM1932338,E06,ICM,cyICM_E6,earlyICM_CS3,ICM_CS3,1,1,1,1,1,1,1,1,0,1,1,1
qc.GSM1932339.bam,qc.GSM1932339,E06,ICM,cyICM_E6,earlyICM_CS3,ICM_CS3,1,1,1,1,1,1,1,1,0,1,1,1
qc.GSM1932340.bam,qc.GSM1932340,E06,ICM,cyICM_E6,earlyICM_CS3,ICM_CS3,1,1,1,1,1,1,1,1,0,1,1,1
qc.GSM1932341.bam,qc.GSM1932341,E14,PostPaTb,cyTb_E14,Trophoblast_CS6/7,Tb_CS6/7,0,1,1,0,0,1,1,1,1,0,1,0
qc.GSM1932342.bam,qc.GSM1932342,E14,PostPaTb,cyTb_E14,Trophoblast_CS6/7,Tb_CS6/7,0,1,1,0,0,1,1,1,1,0,1,0
qc.GSM1932343.bam,qc.GSM1932343,E14,PostPaTb,cyTb_E14,Trophoblast_CS6/7,Tb_CS6/7,0,1,1,0,0,1,1,1,1,0,1,0
qc.GSM1932344.bam,qc.GSM1932344,E14,PostPaTb,cyTb_E14,Trophoblast_CS6/7,Tb_CS6/7,0,1,1,0,0,1,1,1,1,0,1,0
qc.GSM1932345.bam,qc.GSM1932345,E14,PostPaTb,cyTb_E14,Trophoblast_CS6/7,Tb_CS6/7,0,1,1,0,0,1,1,1,1,0,1,0
qc.GSM1932346.bam,qc.GSM1932346,E14,PostPaTb,cyTb_E14,Trophoblast_CS6/7,Tb_CS6/7,0,1,1,0,0,1,1,1,1,0,1,0
qc.GSM1932347.bam,qc.GSM1932347,E14,PostPaTb,cyTb_E14,Trophoblast_CS6/7,Tb_CS6/7,0,1,1,0,0,1,1,1,1,0,1,0
qc.GSM1932348.bam,qc.GSM1932348,E14,PostPaTb,cyTb_E14,Trophoblast_CS6/7,Tb_CS6/7,0,1,1,0,0,1,1,1,1,0,1,0
qc.GSM1932349.bam,qc.GSM1932349,E14,PostPaTb,cyTb_E14,Trophoblast_CS6/7,Tb_CS6/7,0,1,1,0,0,1,1,1,1,0,1,0
qc.GSM1932350.bam,qc.GSM1932350,E16,PostPaTb,cyTb_E16,Trophoblast_CS6/7,Tb_CS6/7,0,1,1,0,0,1,1,1,1,0,1,0
qc.GSM1932351.bam,qc.GSM1932351,E16,PostPaTb,cyTb_E16,Trophoblast_CS6/7,Tb_CS6/7,0,1,1,0,0,1,1,1,1,0,1,0
qc.GSM1932352.bam,qc.GSM1932352,E13,PostEEpi,cyEmDisc_E13,EmDisc_CS5,EmDisc_CS5,0,1,1,1,1,1,1,1,1,1,1,0
qc.GSM1932353.bam,qc.GSM1932353,E13,Gast,cyGast_E13,EmDisc_CS5,EmDisc_CS5,0,0,1,1,1,1,1,1,1,1,1,0
qc.GSM1932354.bam,qc.GSM1932354,E13,PostEEpi,cyEmDisc_E13,EmDisc_CS5,EmDisc_CS5,0,1,1,1,1,1,1,1,1,1,1,0
qc.GSM1932355.bam,qc.GSM1932355,E13,PostEEpi,cyEmDisc_E13,EmDisc_CS5,EmDisc_CS5,0,1,1,1,1,1,1,1,1,1,1,0
qc.GSM1932356.bam,qc.GSM1932356,E13,PostEEpi,cyEmDisc_E13,EmDisc_CS5,EmDisc_CS5,0,1,1,1,1,1,1,1,1,1,1,0
qc.GSM1932357.bam,qc.GSM1932357,E13,PostEEpi,cyEmDisc_E13,EmDisc_CS5,EmDisc_CS5,0,1,1,1,1,1,1,1,1,1,1,0
qc.GSM1932358.bam,qc.GSM1932358,E13,PostEEpi,cyEmDisc_E13,EmDisc_CS5,EmDisc_CS5,0,1,1,1,1,1,1,1,1,1,1,0
qc.GSM1932359.bam,qc.GSM1932359,E13,Gast,cyGast_E13,EmDisc_CS5,EmDisc_CS5,0,0,1,1,1,1,1,1,1,1,1,0
qc.GSM1932360.bam,qc.GSM1932360,E13,PostEEpi,cyEmDisc_E13,EmDisc_CS5,EmDisc_CS5,0,1,1,1,1,1,1,1,1,1,1,0
qc.GSM1932361.bam,qc.GSM1932361,E13,PostEEpi,cyEmDisc_E13,EmDisc_CS5,EmDisc_CS5,0,1,1,1,1,1,1,1,1,1,1,0
qc.GSM1932362.bam,qc.GSM1932362,E13,PostEEpi,cyEmDisc_E13,EmDisc_CS5,EmDisc_CS5,0,1,1,1,1,1,1,1,1,1,1,0
qc.GSM1932363.bam,qc.GSM1932363,E13,Gast,cyGast_E13,EmDisc_CS5,EmDisc_CS5,0,0,1,1,1,1,1,1,1,1,1,0
qc.GSM1932364.bam,qc.GSM1932364,E13,PostEEpi,cyEmDisc_E13,EmDisc_CS5,EmDisc_CS5,0,1,1,1,1,1,1,1,1,1,1,0
qc.GSM1932365.bam,qc.GSM1932365,E13,PostEEpi,cyEmDisc_E13,EmDisc_CS5,EmDisc_CS5,0,1,1,1,1,1,1,1,1,1,1,0
qc.GSM1932366.bam,qc.GSM1932366,E13,PostEEpi,cyEmDisc_E13,EmDisc_CS5,EmDisc_CS5,0,1,1,1,1,1,1,1,1,1,1,0
qc.GSM1932367.bam,qc.GSM1932367,E13,PostEEpi,cyEmDisc_E13,EmDisc_CS5,EmDisc_CS5,0,1,1,1,1,1,1,1,1,1,1,0
qc.GSM1932368.bam,qc.GSM1932368,E13,PostEEpi,cyEmDisc_E13,EmDisc_CS5,EmDisc_CS5,0,1,1,1,1,1,1,1,1,1,1,0
qc.GSM1932369.bam,qc.GSM1932369,E13,PostEEpi,cyEmDisc_E13,EmDisc_CS5,EmDisc_CS5,0,1,1,1,1,1,1,1,1,1,1,0
qc.GSM1932370.bam,qc.GSM1932370,E13,PostEEpi,cyEmDisc_E13,EmDisc_CS5,EmDisc_CS5,0,1,1,1,1,1,1,1,1,1,1,0
qc.GSM1932371.bam,qc.GSM1932371,E13,PostEEpi,cyEmDisc_E13,EmDisc_CS5,EmDisc_CS5,0,1,1,1,1,1,1,1,1,1,1,0
qc.GSM1932372.bam,qc.GSM1932372,E13,PostEEpi,cyEmDisc_E13,EmDisc_CS5,EmDisc_CS5,0,1,1,1,1,1,1,1,1,1,1,0
qc.GSM1932373.bam,qc.GSM1932373,E13,PostEEpi,cyEmDisc_E13,EmDisc_CS5,EmDisc_CS5,0,1,1,1,1,1,1,1,1,1,1,0
qc.GSM1932374.bam,qc.GSM1932374,E13,PostEEpi,cyEmDisc_E13,EmDisc_CS5,EmDisc_CS5,0,1,1,1,1,1,1,1,1,1,1,0
qc.GSM1932375.bam,qc.GSM1932375,E13,PostEEpi,cyEmDisc_E13,EmDisc_CS5,EmDisc_CS5,0,1,1,1,1,1,1,1,1,1,1,0
qc.GSM1932376.bam,qc.GSM1932376,E13,PostEEpi,cyEmDisc_E13,EmDisc_CS5,EmDisc_CS5,0,1,1,1,1,1,1,1,1,1,1,0
qc.GSM1932377.bam,qc.GSM1932377,E13,PostEEpi,cyEmDisc_E13,EmDisc_CS5,EmDisc_CS5,0,1,1,1,1,1,1,1,1,1,1,0
qc.GSM1932378.bam,qc.GSM1932378,E13,PostEEpi,cyEmDisc_E13,EmDisc_CS5,EmDisc_CS5,0,1,1,1,1,1,1,1,1,1,1,0
qc.GSM1932379.bam,qc.GSM1932379,E14,PostEEpi,cyEmDisc_E14,EmDisc_CS6/7,EmDisc_CS6/7,0,1,1,1,1,1,1,1,1,1,1,0
qc.GSM1932380.bam,qc.GSM1932380,E14,PostEEpi,cyEmDisc_E14,EmDisc_CS6/7,EmDisc_CS6/7,0,1,1,1,1,1,1,1,1,1,1,0
qc.GSM1932381.bam,qc.GSM1932381,E14,PostEEpi,cyEmDisc_E14,EmDisc_CS6/7,EmDisc_CS6/7,0,1,1,1,1,1,1,1,1,1,1,0
qc.GSM1932382.bam,qc.GSM1932382,E14,PostEEpi,cyEmDisc_E14,EmDisc_CS6/7,EmDisc_CS6/7,0,1,1,1,1,1,1,1,1,1,1,0
qc.GSM1932383.bam,qc.GSM1932383,E14,PostEEpi,cyEmDisc_E14,EmDisc_CS6/7,EmDisc_CS6/7,0,1,1,1,1,1,1,1,1,1,1,0
qc.GSM1932384.bam,qc.GSM1932384,E14,PostEEpi,cyEmDisc_E14,EmDisc_CS6/7,EmDisc_CS6/7,0,1,1,1,1,1,1,1,1,1,1,0
qc.GSM1932385.bam,qc.GSM1932385,E14,PostEEpi,cyEmDisc_E14,EmDisc_CS6/7,EmDisc_CS6/7,0,1,1,1,1,1,1,1,1,1,1,0
qc.GSM1932386.bam,qc.GSM1932386,E14,PostEEpi,cyEmDisc_E14,EmDisc_CS6/7,EmDisc_CS6/7,0,1,1,1,1,1,1,1,1,1,1,0
qc.GSM1932387.bam,qc.GSM1932387,E14,PostEEpi,cyEmDisc_E14,EmDisc_CS6/7,EmDisc_CS6/7,0,1,1,1,1,1,1,1,1,1,1,0
qc.GSM1932388.bam,qc.GSM1932388,E14,PostEEpi,cyEmDisc_E14,EmDisc_CS6/7,EmDisc_CS6/7,0,1,1,1,1,1,1,1,1,1,1,0
qc.GSM1932389.bam,qc.GSM1932389,E14,PostEEpi,cyEmDisc_E14,EmDisc_CS6/7,EmDisc_CS6/7,0,1,1,1,1,1,1,1,1,1,1,0
qc.GSM1932390.bam,qc.GSM1932390,E14,PostEEpi,cyEmDisc_E14,EmDisc_CS6/7,EmDisc_CS6/7,0,1,1,1,1,1,1,1,1,1,1,0
qc.GSM1932391.bam,qc.GSM1932391,E14,PostEEpi,cyEmDisc_E14,EmDisc_CS6/7,EmDisc_CS6/7,0,1,1,1,1,1,1,1,1,1,1,0
qc.GSM1932392.bam,qc.GSM1932392,E14,PostEEpi,cyEmDisc_E14,EmDisc_CS6/7,EmDisc_CS6/7,0,1,1,1,1,1,1,1,1,1,1,0
qc.GSM1932393.bam,qc.GSM1932393,E14,PostEEpi,cyEmDisc_E14,EmDisc_CS6/7,EmDisc_CS6/7,0,1,1,1,1,1,1,1,1,1,1,0
qc.GSM1932394.bam,qc.GSM1932394,E14,PostEEpi,cyEmDisc_E14,EmDisc_CS6/7,EmDisc_CS6/7,0,1,1,1,1,1,1,1,1,1,1,0
qc.GSM1932395.bam,qc.GSM1932395,E14,PostEEpi,cyEmDisc_E14,EmDisc_CS6/7,EmDisc_CS6/7,0,1,1,1,1,1,1,1,1,1,1,0
qc.GSM1932396.bam,qc.GSM1932396,E14,PostEEpi,cyEmDisc_E14,EmDisc_CS6/7,EmDisc_CS6/7,0,1,1,1,1,1,1,1,1,1,1,0
qc.GSM1932397.bam,qc.GSM1932397,E14,PostEEpi,cyEmDisc_E14,EmDisc_CS6/7,EmDisc_CS6/7,0,1,1,1,1,1,1,1,1,1,1,0
qc.GSM1932398.bam,qc.GSM1932398,E14,PostEEpi,cyEmDisc_E14,EmDisc_CS6/7,EmDisc_CS6/7,0,1,1,1,1,1,1,1,1,1,1,0
qc.GSM1932399.bam,qc.GSM1932399,E14,PostEEpi,cyEmDisc_E14,EmDisc_CS6/7,EmDisc_CS6/7,0,1,1,1,1,1,1,1,1,1,1,0
qc.GSM1932400.bam,qc.GSM1932400,E14,PostEEpi,cyEmDisc_E14,EmDisc_CS6/7,EmDisc_CS6/7,0,1,1,1,1,1,1,1,1,1,1,0
qc.GSM1932401.bam,qc.GSM1932401,E14,PostEEpi,cyEmDisc_E14,EmDisc_CS6/7,EmDisc_CS6/7,0,1,1,1,1,1,1,1,1,1,1,0
qc.GSM1932402.bam,qc.GSM1932402,E14,PostEEpi,cyEmDisc_E14,EmDisc_CS6/7,EmDisc_CS6/7,0,1,1,1,1,1,1,1,1,1,1,0
qc.GSM1932403.bam,qc.GSM1932403,E14,PostEEpi,cyEmDisc_E14,EmDisc_CS6/7,EmDisc_CS6/7,0,1,1,1,1,1,1,1,1,1,1,0
qc.GSM1932404.bam,qc.GSM1932404,E14,PostEEpi,cyEmDisc_E14,EmDisc_CS6/7,EmDisc_CS6/7,0,1,1,1,1,1,1,1,1,1,1,0
qc.GSM1932405.bam,qc.GSM1932405,E14,PostEEpi,cyEmDisc_E14,EmDisc_CS6/7,EmDisc_CS6/7,0,1,1,1,1,1,1,1,1,1,1,0
qc.GSM1932406.bam,qc.GSM1932406,E14,PostEEpi,cyEmDisc_E14,EmDisc_CS6/7,EmDisc_CS6/7,0,1,1,1,1,1,1,1,1,1,1,0
qc.GSM1932407.bam,qc.GSM1932407,E16,PostLEpi,cyEmDisc_E16,EmDisc_CS6/7,EmDisc_CS6/7,0,1,1,1,1,1,1,1,1,1,1,0
qc.GSM1932408.bam,qc.GSM1932408,E16,PostLEpi,cyEmDisc_E16,EmDisc_CS6/7,EmDisc_CS6/7,0,1,1,1,1,1,1,1,1,1,1,0
qc.GSM1932409.bam,qc.GSM1932409,E16,PostLEpi,cyEmDisc_E16,EmDisc_CS6/7,EmDisc_CS6/7,0,1,1,1,1,1,1,1,1,1,1,0
qc.GSM1932410.bam,qc.GSM1932410,E16,PostLEpi,cyEmDisc_E16,EmDisc_CS6/7,EmDisc_CS6/7,0,1,1,1,1,1,1,1,1,1,1,0
qc.GSM1932411.bam,qc.GSM1932411,E16,PostLEpi,cyEmDisc_E16,EmDisc_CS6/7,EmDisc_CS6/7,0,1,1,1,1,1,1,1,1,1,1,0
qc.GSM1932412.bam,qc.GSM1932412,E16,PostLEpi,cyEmDisc_E16,EmDisc_CS6/7,EmDisc_CS6/7,0,1,1,1,1,1,1,1,1,1,1,0
qc.GSM1932413.bam,qc.GSM1932413,E16,PostLEpi,cyEmDisc_E16,EmDisc_CS6/7,EmDisc_CS6/7,0,1,1,1,1,1,1,1,1,1,1,0
qc.GSM1932414.bam,qc.GSM1932414,E16,PostLEpi,cyEmDisc_E16,EmDisc_CS6/7,EmDisc_CS6/7,0,1,1,1,1,1,1,1,1,1,1,0
qc.GSM1932415.bam,qc.GSM1932415,E16,PostLEpi,cyEmDisc_E16,EmDisc_CS6/7,EmDisc_CS6/7,0,1,1,1,1,1,1,1,1,1,1,0
qc.GSM1932416.bam,qc.GSM1932416,E16,PostLEpi,cyEmDisc_E16,EmDisc_CS6/7,EmDisc_CS6/7,0,1,1,1,1,1,1,1,1,1,1,0
qc.GSM1932417.bam,qc.GSM1932417,E16,PostLEpi,cyEmDisc_E16,EmDisc_CS6/7,EmDisc_CS6/7,0,1,1,1,1,1,1,1,1,1,1,0
qc.GSM1932418.bam,qc.GSM1932418,E16,PostLEpi,cyEmDisc_E16,EmDisc_CS6/7,EmDisc_CS6/7,0,1,1,1,1,1,1,1,1,1,1,0
qc.GSM1932419.bam,qc.GSM1932419,E16,PostLEpi,cyEmDisc_E16,EmDisc_CS6/7,EmDisc_CS6/7,0,1,1,1,1,1,1,1,1,1,1,0
qc.GSM1932420.bam,qc.GSM1932420,E16,PostLEpi,cyEmDisc_E16,EmDisc_CS6/7,EmDisc_CS6/7,0,1,1,1,1,1,1,1,1,1,1,0
qc.GSM1932421.bam,qc.GSM1932421,E16,PostLEpi,cyEmDisc_E16,EmDisc_CS6/7,EmDisc_CS6/7,0,1,1,1,1,1,1,1,1,1,1,0
qc.GSM1932422.bam,qc.GSM1932422,E16,PostLEpi,cyEmDisc_E16,EmDisc_CS6/7,EmDisc_CS6/7,0,1,1,1,1,1,1,1,1,1,1,0
qc.GSM1932423.bam,qc.GSM1932423,E16,PostLEpi,cyEmDisc_E16,EmDisc_CS6/7,EmDisc_CS6/7,0,1,1,1,1,1,1,1,1,1,1,0
qc.GSM1932424.bam,qc.GSM1932424,E17,PostLEpi,cyEmDisc_E17,EmDisc_CS6/7,EmDisc_CS6/7,0,1,1,1,1,1,1,1,1,1,1,0
qc.GSM1932425.bam,qc.GSM1932425,E17,PostLEpi,cyEmDisc_E17,EmDisc_CS6/7,EmDisc_CS6/7,0,1,1,1,1,1,1,1,1,1,1,0
qc.GSM1932426.bam,qc.GSM1932426,E17,PostLEpi,cyEmDisc_E17,EmDisc_CS6/7,EmDisc_CS6/7,0,1,1,1,1,1,1,1,1,1,1,0
qc.GSM1932427.bam,qc.GSM1932427,E17,PostLEpi,cyEmDisc_E17,EmDisc_CS6/7,EmDisc_CS6/7,0,1,1,1,1,1,1,1,1,1,1,0
qc.GSM1932428.bam,qc.GSM1932428,E17,PostLEpi,cyEmDisc_E17,EmDisc_CS6/7,EmDisc_CS6/7,0,1,1,1,1,1,1,1,1,1,1,0
qc.GSM1932429.bam,qc.GSM1932429,E17,PostLEpi,cyEmDisc_E17,EmDisc_CS6/7,EmDisc_CS6/7,0,1,1,1,1,1,1,1,1,1,1,0
qc.GSM1932430.bam,qc.GSM1932430,E17,PostLEpi,cyEmDisc_E17,EmDisc_CS6/7,EmDisc_CS6/7,0,1,1,1,1,1,1,1,1,1,1,0
qc.GSM1932431.bam,qc.GSM1932431,E17,PostLEpi,cyEmDisc_E17,EmDisc_CS6/7,EmDisc_CS6/7,0,1,1,1,1,1,1,1,1,1,1,0
qc.GSM1932432.bam,qc.GSM1932432,E17,PostLEpi,cyEmDisc_E17,EmDisc_CS6/7,EmDisc_CS6/7,0,1,1,1,1,1,1,1,1,1,1,0
qc.GSM1932433.bam,qc.GSM1932433,E17,PostLEpi,cyEmDisc_E17,EmDisc_CS6/7,EmDisc_CS6/7,0,1,1,1,1,1,1,1,1,1,1,0
qc.GSM1932434.bam,qc.GSM1932434,E17,PostLEpi,cyEmDisc_E17,EmDisc_CS6/7,EmDisc_CS6/7,0,1,1,1,1,1,1,1,1,1,1,0
qc.GSM1932435.bam,qc.GSM1932435,E17,PostLEpi,cyEmDisc_E17,EmDisc_CS6/7,EmDisc_CS6/7,0,1,1,1,1,1,1,1,1,1,1,0
qc.GSM1932436.bam,qc.GSM1932436,E17,PostLEpi,cyEmDisc_E17,EmDisc_CS6/7,EmDisc_CS6/7,0,1,1,1,1,1,1,1,1,1,1,0
qc.GSM1932437.bam,qc.GSM1932437,E17,PostLEpi,cyEmDisc_E17,EmDisc_CS6/7,EmDisc_CS6/7,0,1,1,1,1,1,1,1,1,1,1,0
qc.GSM1932438.bam,qc.GSM1932438,E17,PostLEpi,cyEmDisc_E17,EmDisc_CS6/7,EmDisc_CS6/7,0,1,1,1,1,1,1,1,1,1,1,0
qc.GSM1932439.bam,qc.GSM1932439,E17,PostLEpi,cyEmDisc_E17,EmDisc_CS6/7,EmDisc_CS6/7,0,1,1,1,1,1,1,1,1,1,1,0
qc.GSM1932440.bam,qc.GSM1932440,E17,PostLEpi,cyEmDisc_E17,EmDisc_CS6/7,EmDisc_CS6/7,0,1,1,1,1,1,1,1,1,1,1,0
qc.GSM1932441.bam,qc.GSM1932441,E17,PostLEpi,cyEmDisc_E17,EmDisc_CS6/7,EmDisc_CS6/7,0,1,1,1,1,1,1,1,1,1,1,0
qc.GSM1932442.bam,qc.GSM1932442,E17,PostLEpi,cyEmDisc_E17,EmDisc_CS6/7,EmDisc_CS6/7,0,1,1,1,1,1,1,1,1,1,1,0
qc.GSM1932443.bam,qc.GSM1932443,E17,PostLEpi,cyEmDisc_E17,EmDisc_CS6/7,EmDisc_CS6/7,0,1,1,1,1,1,1,1,1,1,1,0
qc.GSM1932444.bam,qc.GSM1932444,E17,PostLEpi,cyEmDisc_E17,EmDisc_CS6/7,EmDisc_CS6/7,0,1,1,1,1,1,1,1,1,1,1,0
qc.GSM1932445.bam,qc.GSM1932445,E17,PostLEpi,cyEmDisc_E17,EmDisc_CS6/7,EmDisc_CS6/7,0,1,1,1,1,1,1,1,1,1,1,0
qc.GSM1932446.bam,qc.GSM1932446,E17,PostLEpi,cyEmDisc_E17,EmDisc_CS6/7,EmDisc_CS6/7,0,1,1,1,1,1,1,1,1,1,1,0
qc.GSM1932447.bam,qc.GSM1932447,E17,PostLEpi,cyEmDisc_E17,EmDisc_CS6/7,EmDisc_CS6/7,0,1,1,1,1,1,1,1,1,1,1,0
qc.GSM1932448.bam,qc.GSM1932448,E17,PostLEpi,cyEmDisc_E17,EmDisc_CS6/7,EmDisc_CS6/7,0,1,1,1,1,1,1,1,1,1,1,0
qc.GSM1932449.bam,qc.GSM1932449,E17,PostLEpi,cyEmDisc_E17,EmDisc_CS6/7,EmDisc_CS6/7,0,1,1,1,1,1,1,1,1,1,1,0
qc.GSM1932450.bam,qc.GSM1932450,E17,PostLEpi,cyEmDisc_E17,EmDisc_CS6/7,EmDisc_CS6/7,0,1,1,1,1,1,1,1,1,1,1,0
qc.GSM1932451.bam,qc.GSM1932451,E17,PostLEpi,cyEmDisc_E17,EmDisc_CS6/7,EmDisc_CS6/7,0,1,1,1,1,1,1,1,1,1,1,0
qc.GSM1932452.bam,qc.GSM1932452,E17,PostLEpi,cyEmDisc_E17,EmDisc_CS6/7,EmDisc_CS6/7,0,1,1,1,1,1,1,1,1,1,1,0
qc.GSM1932453.bam,qc.GSM1932453,E17,PostLEpi,cyEmDisc_E17,EmDisc_CS6/7,EmDisc_CS6/7,0,1,1,1,1,1,1,1,1,1,1,0
qc.GSM1932454.bam,qc.GSM1932454,E17,PostLEpi,cyEmDisc_E17,EmDisc_CS6/7,EmDisc_CS6/7,0,1,1,1,1,1,1,1,1,1,1,0
qc.GSM1932455.bam,qc.GSM1932455,E17,PostLEpi,cyEmDisc_E17,EmDisc_CS6/7,EmDisc_CS6/7,0,1,1,1,1,1,1,1,1,1,1,0
qc.GSM1932456.bam,qc.GSM1932456,E17,PostLEpi,cyEmDisc_E17,EmDisc_CS6/7,EmDisc_CS6/7,0,1,1,1,1,1,1,1,1,1,1,0
qc.GSM1932457.bam,qc.GSM1932457,E07,PreEpi,cypreEpi_E7,preEPI_CS3,Epi_CS3,1,1,1,1,1,1,1,1,0,1,1,1
qc.GSM1932458.bam,qc.GSM1932458,E07,PreEpi,cypreEpi_E7,preEPI_CS3,Epi_CS3,1,1,1,1,1,1,1,1,0,1,1,1
qc.GSM1932459.bam,qc.GSM1932459,E07,PreEpi,cypreEpi_E7,preEPI_CS3,Epi_CS3,1,1,1,1,1,1,1,1,0,1,1,1
qc.GSM1932460.bam,qc.GSM1932460,E07,PreEpi,cypreEpi_E7,preEPI_CS3,Epi_CS3,1,1,1,1,1,1,1,1,0,1,1,1
qc.GSM1932461.bam,qc.GSM1932461,E07,PreEpi,cypreEpi_E7,preEPI_CS3,Epi_CS3,1,1,1,1,1,1,1,1,0,1,1,1
qc.GSM1932462.bam,qc.GSM1932462,E08,PreEpi,cypreEpi_E8,preEPI_CS3,Epi_CS3,1,1,1,1,1,1,1,1,0,1,1,1
qc.GSM1932463.bam,qc.GSM1932463,E08,PreEpi,cypreEpi_E8,preEPI_CS3,Epi_CS3,1,1,1,1,1,1,1,1,0,1,1,1
qc.GSM1932464.bam,qc.GSM1932464,E08,PreEpi,cypreEpi_E8,preEPI_CS3,Epi_CS3,1,1,1,1,1,1,1,1,0,1,1,1
qc.GSM1932465.bam,qc.GSM1932465,E08,PreEpi,cypreEpi_E8,preEPI_CS3,Epi_CS3,1,1,1,1,1,1,1,1,0,1,1,1
qc.GSM1932466.bam,qc.GSM1932466,E08,PreEpi,cypreEpi_E8,preEPI_CS3,Epi_CS3,1,1,1,1,1,1,1,1,0,1,1,1
qc.GSM1932467.bam,qc.GSM1932467,E08,PreEpi,cypreEpi_E8,preEPI_CS3,Epi_CS3,1,1,1,1,1,1,1,1,0,1,1,1
qc.GSM1932468.bam,qc.GSM1932468,E08,PreEpi,cypreEpi_E8,preEPI_CS3,Epi_CS3,1,1,1,1,1,1,1,1,0,1,1,1
qc.GSM1932469.bam,qc.GSM1932469,E08,PreEpi,cypreEpi_E8,preEPI_CS3,Epi_CS3,1,1,1,1,1,1,1,1,0,1,1,1
qc.GSM1932470.bam,qc.GSM1932470,E08,PreEpi,cypreEpi_E8,preEPI_CS3,Epi_CS3,1,1,1,1,1,1,1,1,0,1,1,1
qc.GSM1932471.bam,qc.GSM1932471,E08,PreEpi,cypreEpi_E8,preEPI_CS3,Epi_CS3,1,1,1,1,1,1,1,1,0,1,1,1
qc.GSM1932472.bam,qc.GSM1932472,E08,PreEpi,cypreEpi_E8,preEPI_CS3,Epi_CS3,1,1,1,1,1,1,1,1,0,1,1,1
qc.GSM1932473.bam,qc.GSM1932473,E08,PreEpi,cypreEpi_E8,preEPI_CS3,Epi_CS3,1,1,1,1,1,1,1,1,0,1,1,1
qc.GSM1932474.bam,qc.GSM1932474,E08,PreEpi,cypreEpi_E8,preEPI_CS3,Epi_CS3,1,1,1,1,1,1,1,1,0,1,1,1
qc.GSM1932475.bam,qc.GSM1932475,E08,PreEpi,cypreEpi_E8,preEPI_CS3,Epi_CS3,1,1,1,1,1,1,1,1,0,1,1,1
qc.GSM1932476.bam,qc.GSM1932476,E08,PreEpi,cypreEpi_E8,preEPI_CS3,Epi_CS3,1,1,1,1,1,1,1,1,0,1,1,1
qc.GSM1932477.bam,qc.GSM1932477,E08,PreEpi,cypreEpi_E8,preEPI_CS3,Epi_CS3,1,1,1,1,1,1,1,1,0,1,1,1
qc.GSM1932478.bam,qc.GSM1932478,E08,PreEpi,cypreEpi_E8,preEPI_CS3,Epi_CS3,1,1,1,1,1,1,1,1,0,1,1,1
qc.GSM1932479.bam,qc.GSM1932479,E08,PreEpi,cypreEpi_E8,preEPI_CS3,Epi_CS3,1,1,1,1,1,1,1,1,0,1,1,1
qc.GSM1932480.bam,qc.GSM1932480,E08,PreEpi,cypreEpi_E8,preEPI_CS3,Epi_CS3,1,1,1,1,1,1,1,1,0,1,1,1
qc.GSM1932481.bam,qc.GSM1932481,E08,PreEpi,cypreEpi_E8,preEPI_CS3,Epi_CS3,1,1,1,1,1,1,1,1,0,1,1,1
qc.GSM1932482.bam,qc.GSM1932482,E08,PreEpi,cypreEpi_E8,preEPI_CS3,Epi_CS3,1,1,1,1,1,1,1,1,0,1,1,1
qc.GSM1932483.bam,qc.GSM1932483,E08,PreEpi,cypreEpi_E8,preEPI_CS3,Epi_CS3,1,1,1,1,1,1,1,1,0,1,1,1
qc.GSM1932484.bam,qc.GSM1932484,E08,PreEpi,cypreEpi_E8,preEPI_CS3,Epi_CS3,1,1,1,1,1,1,1,1,0,1,1,1
qc.GSM1932485.bam,qc.GSM1932485,E08,PreEpi,cypreEpi_E8,preEPI_CS3,Epi_CS3,1,1,1,1,1,1,1,1,0,1,1,1
qc.GSM1932486.bam,qc.GSM1932486,E09,PreEpi,cypreEpi_E9,preEPI_CS3,Epi_CS3,1,1,1,1,1,1,1,1,0,1,1,1
qc.GSM1932487.bam,qc.GSM1932487,E09,PreEpi,cypreEpi_E9,preEPI_CS3,Epi_CS3,1,1,1,1,1,1,1,1,0,1,1,1
qc.GSM1932488.bam,qc.GSM1932488,E09,PreEpi,cypreEpi_E9,preEPI_CS3,Epi_CS3,1,1,1,1,1,1,1,1,0,1,1,1
qc.GSM1932489.bam,qc.GSM1932489,E09,PreEpi,cypreEpi_E9,preEPI_CS3,Epi_CS3,1,1,1,1,1,1,1,1,0,1,1,1
qc.GSM1932490.bam,qc.GSM1932490,E09,PreEpi,cypreEpi_E9,preEPI_CS3,Epi_CS3,1,1,1,1,1,1,1,1,0,1,1,1
qc.GSM1932491.bam,qc.GSM1932491,E06,PreETb,cyTb_E6,Trophoblast_CS3,Tb_CS3,1,1,1,0,0,1,1,1,0,0,1,1
qc.GSM1932492.bam,qc.GSM1932492,E06,PreETb,cyTb_E6,Trophoblast_CS3,Tb_CS3,1,1,1,0,0,1,1,1,0,0,1,1
qc.GSM1932493.bam,qc.GSM1932493,E06,PreETb,cyTb_E6,Trophoblast_CS3,Tb_CS3,1,1,1,0,0,1,1,1,0,0,1,1
qc.GSM1932494.bam,qc.GSM1932494,E06,PreETb,cyTb_E6,Trophoblast_CS3,Tb_CS3,1,1,1,0,0,1,1,1,0,0,1,1
qc.GSM1932495.bam,qc.GSM1932495,E06,PreETb,cyTb_E6,Trophoblast_CS3,Tb_CS3,1,1,1,0,0,1,1,1,0,0,1,1
qc.GSM1932496.bam,qc.GSM1932496,E06,PreETb,cyTb_E6,Trophoblast_CS3,Tb_CS3,1,1,1,0,0,1,1,1,0,0,1,1
qc.GSM1932497.bam,qc.GSM1932497,E06,PreETb,cyTb_E6,Trophoblast_CS3,Tb_CS3,1,1,1,0,0,1,1,1,0,0,1,1
qc.GSM1932498.bam,qc.GSM1932498,E06,PreETb,cyTb_E6,Trophoblast_CS3,Tb_CS3,1,1,1,0,0,1,1,1,0,0,1,1
qc.GSM1932499.bam,qc.GSM1932499,E06,PreETb,cyTb_E6,Trophoblast_CS3,Tb_CS3,1,1,1,0,0,1,1,1,0,0,1,1
qc.GSM1932500.bam,qc.GSM1932500,E06,PreETb,cyTb_E6,Trophoblast_CS3,Tb_CS3,1,1,1,0,0,1,1,1,0,0,1,1
qc.GSM1932501.bam,qc.GSM1932501,E06,PreETb,cyTb_E6,Trophoblast_CS3,Tb_CS3,1,1,1,0,0,1,1,1,0,0,1,1
qc.GSM1932502.bam,qc.GSM1932502,E06,PreETb,cyTb_E6,Trophoblast_CS3,Tb_CS3,1,1,1,0,0,1,1,1,0,0,1,1
qc.GSM1932503.bam,qc.GSM1932503,E06,PreETb,cyTb_E6,Trophoblast_CS3,Tb_CS3,1,1,1,0,0,1,1,1,0,0,1,1
qc.GSM1932504.bam,qc.GSM1932504,E07,PreETb,cyTb_E7,Trophoblast_CS3,Tb_CS3,1,1,1,0,0,1,1,1,0,0,1,1
qc.GSM1932505.bam,qc.GSM1932505,E07,PreETb,cyTb_E7,Trophoblast_CS3,Tb_CS3,1,1,1,0,0,1,1,1,0,0,1,1
qc.GSM1932506.bam,qc.GSM1932506,E07,PreETb,cyTb_E7,Trophoblast_CS3,Tb_CS3,1,1,1,0,0,1,1,1,0,0,1,1
qc.GSM1932507.bam,qc.GSM1932507,E07,PreETb,cyTb_E7,Trophoblast_CS3,Tb_CS3,1,1,1,0,0,1,1,1,0,0,1,1
qc.GSM1932508.bam,qc.GSM1932508,E07,PreETb,cyTb_E7,Trophoblast_CS3,Tb_CS3,1,1,1,0,0,1,1,1,0,0,1,1
qc.GSM1932509.bam,qc.GSM1932509,E07,PreETb,cyTb_E7,Trophoblast_CS3,Tb_CS3,1,1,1,0,0,1,1,1,0,0,1,1
qc.GSM1932510.bam,qc.GSM1932510,E07,PreETb,cyTb_E7,Trophoblast_CS3,Tb_CS3,1,1,1,0,0,1,1,1,0,0,1,1
qc.GSM1932511.bam,qc.GSM1932511,E07,PreETb,cyTb_E7,Trophoblast_CS3,Tb_CS3,1,1,1,0,0,1,1,1,0,0,1,1
qc.GSM1932512.bam,qc.GSM1932512,E07,PreETb,cyTb_E7,Trophoblast_CS3,Tb_CS3,1,1,1,0,0,1,1,1,0,0,1,1
qc.GSM1932513.bam,qc.GSM1932513,E07,PreETb,cyTb_E7,Trophoblast_CS3,Tb_CS3,1,1,1,0,0,1,1,1,0,0,1,1
qc.GSM1932514.bam,qc.GSM1932514,E07,PreLTb,cyTb_E7,Trophoblast_CS3,Tb_CS3,1,1,1,0,0,1,1,1,0,0,1,1
qc.GSM1932515.bam,qc.GSM1932515,E07,PreLTb,cyTb_E7,Trophoblast_CS3,Tb_CS3,1,1,1,0,0,1,1,1,0,0,1,1
qc.GSM1932516.bam,qc.GSM1932516,E07,PreLTb,cyTb_E7,Trophoblast_CS3,Tb_CS3,1,1,1,0,0,1,1,1,0,0,1,1
qc.GSM1932517.bam,qc.GSM1932517,E07,PreLTb,cyTb_E7,Trophoblast_CS3,Tb_CS3,1,1,1,0,0,1,1,1,0,0,1,1
qc.GSM1932518.bam,qc.GSM1932518,E07,PreLTb,cyTb_E7,Trophoblast_CS3,Tb_CS3,1,1,1,0,0,1,1,1,0,0,1,1
qc.GSM1932519.bam,qc.GSM1932519,E07,PreLTb,cyTb_E7,Trophoblast_CS3,Tb_CS3,1,1,1,0,0,1,1,1,0,0,1,1
qc.GSM1932520.bam,qc.GSM1932520,E07,PreLTb,cyTb_E7,Trophoblast_CS3,Tb_CS3,1,1,1,0,0,1,1,1,0,0,1,1
qc.GSM1932521.bam,qc.GSM1932521,E07,PreLTb,cyTb_E7,Trophoblast_CS3,Tb_CS3,1,1,1,0,0,1,1,1,0,0,1,1
qc.GSM1932522.bam,qc.GSM1932522,E07,PreLTb,cyTb_E7,Trophoblast_CS3,Tb_CS3,1,1,1,0,0,1,1,1,0,0,1,1
qc.GSM1932523.bam,qc.GSM1932523,E07,PreLTb,cyTb_E7,Trophoblast_CS3,Tb_CS3,1,1,1,0,0,1,1,1,0,0,1,1
qc.GSM1932524.bam,qc.GSM1932524,E08,PreLTb,cyTb_E8,Trophoblast_CS3,Tb_CS3,1,1,1,0,0,1,1,1,0,0,1,1
qc.GSM1932525.bam,qc.GSM1932525,E08,PreLTb,cyTb_E8,Trophoblast_CS3,Tb_CS3,1,1,1,0,0,1,1,1,0,0,1,1
qc.GSM1932526.bam,qc.GSM1932526,E08,PreLTb,cyTb_E8,Trophoblast_CS3,Tb_CS3,1,1,1,0,0,1,1,1,0,0,1,1
qc.GSM1932527.bam,qc.GSM1932527,E08,PreLTb,cyTb_E8,Trophoblast_CS3,Tb_CS3,1,1,1,0,0,1,1,1,0,0,1,1
qc.GSM1932528.bam,qc.GSM1932528,E08,PreLTb,cyTb_E8,Trophoblast_CS3,Tb_CS3,1,1,1,0,0,1,1,1,0,0,1,1
qc.GSM1932529.bam,qc.GSM1932529,E08,PreLTb,cyTb_E8,Trophoblast_CS3,Tb_CS3,1,1,1,0,0,1,1,1,0,0,1,1
qc.GSM1932530.bam,qc.GSM1932530,E08,PreLTb,cyTb_E8,Trophoblast_CS3,Tb_CS3,1,1,1,0,0,1,1,1,0,0,1,1
qc.GSM1932531.bam,qc.GSM1932531,E08,PreLTb,cyTb_E8,Trophoblast_CS3,Tb_CS3,1,1,1,0,0,1,1,1,0,0,1,1
qc.GSM1932532.bam,qc.GSM1932532,E08,PreLTb,cyTb_E8,Trophoblast_CS3,Tb_CS3,1,1,1,0,0,1,1,1,0,0,1,1
qc.GSM1932533.bam,qc.GSM1932533,E08,PreLTb,cyTb_E8,Trophoblast_CS3,Tb_CS3,1,1,1,0,0,1,1,1,0,0,1,1
qc.GSM1932534.bam,qc.GSM1932534,E08,PreLTb,cyTb_E8,Trophoblast_CS3,Tb_CS3,1,1,1,0,0,1,1,1,0,0,1,1
qc.GSM1932535.bam,qc.GSM1932535,E08,PreLTb,cyTb_E8,Trophoblast_CS3,Tb_CS3,1,1,1,0,0,1,1,1,0,0,1,1
qc.GSM1932536.bam,qc.GSM1932536,E08,PreLTb,cyTb_E8,Trophoblast_CS3,Tb_CS3,1,1,1,0,0,1,1,1,0,0,1,1
qc.GSM1932537.bam,qc.GSM1932537,E08,PreLTb,cyTb_E8,Trophoblast_CS3,Tb_CS3,1,1,1,0,0,1,1,1,0,0,1,1
qc.GSM1932538.bam,qc.GSM1932538,E08,PreLTb,cyTb_E8,Trophoblast_CS3,Tb_CS3,1,1,1,0,0,1,1,1,0,0,1,1
qc.GSM1932539.bam,qc.GSM1932539,E08,PreLTb,cyTb_E8,Trophoblast_CS3,Tb_CS3,1,1,1,0,0,1,1,1,0,0,1,1
qc.GSM1932540.bam,qc.GSM1932540,E08,PreLTb,cyTb_E8,Trophoblast_CS3,Tb_CS3,1,1,1,0,0,1,1,1,0,0,1,1
qc.GSM1932541.bam,qc.GSM1932541,E08,PreLTb,cyTb_E8,Trophoblast_CS3,Tb_CS3,1,1,1,0,0,1,1,1,0,0,1,1
qc.GSM1932542.bam,qc.GSM1932542,E08,PreLTb,cyTb_E8,Trophoblast_CS3,Tb_CS3,1,1,1,0,0,1,1,1,0,0,1,1
qc.GSM1932543.bam,qc.GSM1932543,E08,PreLTb,cyTb_E8,Trophoblast_CS3,Tb_CS3,1,1,1,0,0,1,1,1,0,0,1,1
qc.GSM1932544.bam,qc.GSM1932544,E08,PreLTb,cyTb_E8,Trophoblast_CS3,Tb_CS3,1,1,1,0,0,1,1,1,0,0,1,1
qc.GSM1932545.bam,qc.GSM1932545,E08,PreLTb,cyTb_E8,Trophoblast_CS3,Tb_CS3,1,1,1,0,0,1,1,1,0,0,1,1
qc.GSM1932546.bam,qc.GSM1932546,E08,PreLTb,cyTb_E8,Trophoblast_CS3,Tb_CS3,1,1,1,0,0,1,1,1,0,0,1,1
qc.GSM1932547.bam,qc.GSM1932547,E08,PreLTb,cyTb_E8,Trophoblast_CS3,Tb_CS3,1,1,1,0,0,1,1,1,0,0,1,1
qc.GSM1932548.bam,qc.GSM1932548,E08,PreLTb,cyTb_E8,Trophoblast_CS3,Tb_CS3,1,1,1,0,0,1,1,1,0,0,1,1
qc.GSM1932549.bam,qc.GSM1932549,E08,PreLTb,cyTb_E8,Trophoblast_CS3,Tb_CS3,1,1,1,0,0,1,1,1,0,0,1,1
qc.GSM1932550.bam,qc.GSM1932550,E08,PreLTb,cyTb_E8,Trophoblast_CS3,Tb_CS3,1,1,1,0,0,1,1,1,0,0,1,1
qc.GSM1932551.bam,qc.GSM1932551,E08,PreLTb,cyTb_E8,Trophoblast_CS3,Tb_CS3,1,1,1,0,0,1,1,1,0,0,1,1
qc.GSM1932552.bam,qc.GSM1932552,E08,PreLTb,cyTb_E8,Trophoblast_CS3,Tb_CS3,1,1,1,0,0,1,1,1,0,0,1,1
qc.GSM1932553.bam,qc.GSM1932553,E08,PreLTb,cyTb_E8,Trophoblast_CS3,Tb_CS3,1,1,1,0,0,1,1,1,0,0,1,1
qc.GSM1932554.bam,qc.GSM1932554,E08,PreLTb,cyTb_E8,Trophoblast_CS3,Tb_CS3,1,1,1,0,0,1,1,1,0,0,1,1
qc.GSM1932555.bam,qc.GSM1932555,E08,PreLTb,cyTb_E8,Trophoblast_CS3,Tb_CS3,1,1,1,0,0,1,1,1,0,0,1,1
qc.GSM1932556.bam,qc.GSM1932556,E08,PreLTb,cyTb_E8,Trophoblast_CS3,Tb_CS3,1,1,1,0,0,1,1,1,0,0,1,1
qc.GSM1932557.bam,qc.GSM1932557,E08,PreLTb,cyTb_E8,Trophoblast_CS3,Tb_CS3,1,1,1,0,0,1,1,1,0,0,1,1
qc.GSM1932558.bam,qc.GSM1932558,E09,PreLTb,cyTb_E9,Trophoblast_CS3,Tb_CS3,1,1,1,0,0,1,1,1,0,0,1,1
qc.GSM1932559.bam,qc.GSM1932559,E09,PreLTb,cyTb_E9,Trophoblast_CS3,Tb_CS3,1,1,1,0,0,1,1,1,0,0,1,1
qc.GSM1932560.bam,qc.GSM1932560,E09,PreLTb,cyTb_E9,Trophoblast_CS3,Tb_CS3,1,1,1,0,0,1,1,1,0,0,1,1
qc.GSM1932561.bam,qc.GSM1932561,E09,PreLTb,cyTb_E9,Trophoblast_CS3,Tb_CS3,1,1,1,0,0,1,1,1,0,0,1,1
qc.GSM1932562.bam,qc.GSM1932562,E09,PreLTb,cyTb_E9,Trophoblast_CS3,Tb_CS3,1,1,1,0,0,1,1,1,0,0,1,1
qc.GSM1932563.bam,qc.GSM1932563,E09,PreLTb,cyTb_E9,Trophoblast_CS3,Tb_CS3,1,1,1,0,0,1,1,1,0,0,1,1
qc.GSM1932564.bam,qc.GSM1932564,E09,PreLTb,cyTb_E9,Trophoblast_CS3,Tb_CS3,1,1,1,0,0,1,1,1,0,0,1,1
qc.GSM1932565.bam,qc.GSM1932565,E09,PreLTb,cyTb_E9,Trophoblast_CS3,Tb_CS3,1,1,1,0,0,1,1,1,0,0,1,1
qc.GSM1932566.bam,qc.GSM1932566,E13,SYS,cySYS,Visceral endoderm_CS5,VE_CS5,0,1,1,0,1,1,1,1,1,0,0,1
qc.GSM1932567.bam,qc.GSM1932567,E14,SYS,cySYS,SYS_CS6/7,SYS_CS6/7,0,1,1,0,1,1,1,1,1,0,0,0
qc.GSM1932568.bam,qc.GSM1932568,E16,SYS,cySYS,SYS_CS6/7,SYS_CS6/7,0,1,1,0,1,1,1,1,1,0,0,0
qc.GSM1932569.bam,qc.GSM1932569,E16,SYS,cySYS,SYS_CS6/7,SYS_CS6/7,0,1,1,0,1,1,1,1,1,0,0,0
qc.GSM1932570.bam,qc.GSM1932570,E17,SYS,cySYS,SYS_CS6/7,SYS_CS6/7,0,1,1,0,1,1,1,1,1,0,0,0
qc.GSM1978209.bam,qc.GSM1978209,E20,Gast,cyGast_E20,EmDisc_CS6/7,EmDisc_CS6/7,0,1,1,1,1,1,1,1,1,1,1,0
qc.GSM1978210.bam,qc.GSM1978210,E20,Gast,cyGast_E20,EmDisc_CS6/7,EmDisc_CS6/7,0,1,1,1,1,1,1,1,1,1,1,0
qc.GSM1978211.bam,qc.GSM1978211,E20,Gast,cyGast_E20,EmDisc_CS6/7,EmDisc_CS6/7,0,1,1,1,1,1,1,1,1,1,1,0
qc.GSM1978212.bam,qc.GSM1978212,E20,Gast,cyGast_E20,EmDisc_CS6/7,EmDisc_CS6/7,0,1,1,1,1,1,1,1,1,1,1,0
qc.GSM1978213.bam,qc.GSM1978213,E20,Gast,cyGast_E20,EmDisc_CS6/7,EmDisc_CS6/7,0,1,1,1,1,1,1,1,1,1,1,0
qc.GSM1978214.bam,qc.GSM1978214,E20,Gast,cyGast_E20,EmDisc_CS6/7,EmDisc_CS6/7,0,1,1,1,1,1,1,1,1,1,1,0
qc.GSM1978215.bam,qc.GSM1978215,E20,Gast,cyGast_E20,EmDisc_CS6/7,EmDisc_CS6/7,0,1,1,1,1,1,1,1,1,1,1,0
qc.GSM1978216.bam,qc.GSM1978216,E16,ePGC,cyePGC,embryo PGCs_CS6/7,PGC_CS6/7,0,1,0,1,1,1,1,1,1,0,0,0
qc.GSM1978217.bam,qc.GSM1978217,E16,ePGC,cyePGC,embryo PGCs_CS6/7,PGC_CS6/7,0,1,0,1,1,1,1,1,1,0,0,0
qc.GSM1978218.bam,qc.GSM1978218,E16,ePGC,cyePGC,embryo PGCs_CS6/7,PGC_CS6/7,0,1,0,1,1,1,1,1,1,0,0,0
qc.GSM1978219.bam,qc.GSM1978219,E16,ePGC,cyePGC,embryo PGCs_CS6/7,PGC_CS6/7,0,1,0,1,1,1,1,1,1,0,0,0
qc.GSM1978220.bam,qc.GSM1978220,E16,ePGC,cyePGC,embryo PGCs_CS6/7,PGC_CS6/7,0,1,0,1,1,1,1,1,1,0,0,0
qc.GSM1978221.bam,qc.GSM1978221,E16,ePGC,cyePGC,embryo PGCs_CS6/7,PGC_CS6/7,0,1,0,1,1,1,1,1,1,0,0,0
qc.GSM1978222.bam,qc.GSM1978222,E16,ePGC,cyePGC,embryo PGCs_CS6/7,PGC_CS6/7,0,1,0,1,1,1,1,1,1,0,0,0
qc.GSM1978223.bam,qc.GSM1978223,E16,Gast,cyGast_E16,EmDisc_CS6/7,EmDisc_CS6/7,0,1,1,1,1,1,1,1,1,1,1,0
qc.GSM1978224.bam,qc.GSM1978224,E16,ePGC,cyePGC,embryo PGCs_CS6/7,PGC_CS6/7,0,1,0,1,1,1,1,1,1,0,0,0
qc.GSM1978225.bam,qc.GSM1978225,E16,ePGC,cyePGC,embryo PGCs_CS6/7,PGC_CS6/7,0,1,0,1,1,1,1,1,1,0,0,0
qc.GSM1978226.bam,qc.GSM1978226,E16,ePGC,cyePGC,embryo PGCs_CS6/7,PGC_CS6/7,0,1,0,1,1,1,1,1,1,0,0,0
qc.GSM1978227.bam,qc.GSM1978227,E20,ePGC,cyePGC,embryo PGCs_CS6/7,PGC_CS6/7,0,1,0,1,1,1,1,1,1,0,0,0
qc.GSM1978228.bam,qc.GSM1978228,E13,ePGC,cyePGC,embryo PGCs_CS5,PGC_CS5,0,1,0,1,1,1,1,1,1,0,0,0
qc.GSM1978229.bam,qc.GSM1978229,E13,ePGC,cyePGC,embryo PGCs_CS5,PGC_CS5,0,1,0,1,1,1,1,1,1,0,0,0
qc.GSM1978230.bam,qc.GSM1978230,E13,ePGC,cyePGC,embryo PGCs_CS5,PGC_CS5,0,1,0,1,1,1,1,1,1,0,0,0
qc.GSM1978231.bam,qc.GSM1978231,E36m,lPGC,cylPGC,cylPGC,PGC_E50,0,0,0,1,1,1,1,1,1,0,0,0
qc.GSM1978232.bam,qc.GSM1978232,E36m,lPGC,cylPGC,cylPGC,PGC_E50,0,0,0,1,1,1,1,1,1,0,0,0
qc.GSM1978233.bam,qc.GSM1978233,E36m,lPGC,cylPGC,cylPGC,PGC_E50,0,0,0,1,1,1,1,1,1,0,0,0
qc.GSM1978234.bam,qc.GSM1978234,E36m,lPGC,cylPGC,cylPGC,PGC_E50,0,0,0,1,1,1,1,1,1,0,0,0
qc.GSM1978235.bam,qc.GSM1978235,E36m,lPGC,cylPGC,cylPGC,PGC_E50,0,0,0,1,1,1,1,1,1,0,0,0
qc.GSM1978236.bam,qc.GSM1978236,E36m,lPGC,cylPGC,cylPGC,PGC_E50,0,0,0,1,1,1,1,1,1,0,0,0
qc.GSM1978237.bam,qc.GSM1978237,E47m,lPGC,cylPGC,cylPGC,PGC_E50,0,0,0,1,1,1,1,1,1,0,0,0
qc.GSM1978238.bam,qc.GSM1978238,E55m,lPGC,cylPGC,cylPGC,PGC_E50,0,0,0,1,1,1,1,1,1,0,0,0
qc.GSM1978239.bam,qc.GSM1978239,E55m,lPGC,cylPGC,cylPGC,PGC_E50,0,0,0,1,1,1,1,1,1,0,0,0
qc.GSM1978240.bam,qc.GSM1978240,E17,ePGC,cyePGC,cyePGC,PGC_CS6/7,0,1,0,1,1,1,1,1,1,0,0,0
qc.GSM1978241.bam,qc.GSM1978241,E17,Gast,cyGast_E17,EmDisc_CS6/7,EmDisc_CS6/7,0,1,1,1,1,1,1,1,1,1,1,0
qc.GSM1978242.bam,qc.GSM1978242,E14,ePGC,cyePGC,embryo PGCs_CS6/7,PGC_CS6/7,0,1,0,1,1,1,1,1,1,0,0,0