Filename,SRR,ID,Day,Type,Type2,Type3,Type4,Type5,Order
SRR10040051Aligned.sortedByCoord.out.bam,SRR10040051,D14A3S8,D14,EVT,EVT_D14,Tb_CS6,EVTb_CS6,Tb_CS6,1
SRR10040050Aligned.sortedByCoord.out.bam,SRR10040050,D14A3S7,D14,EVT,EVT_D14,Tb_CS6,EVTb_CS6,Tb_CS6,2
SRR10040049Aligned.sortedByCoord.out.bam,SRR10040049,D14A3S5,D14,CTB,CTB_D14,Tb_CS6,CTb_CS6,Tb_CS6,3
SRR10040048Aligned.sortedByCoord.out.bam,SRR10040048,D14A3S30,D14,EVT,EVT_D14,Tb_CS6,EVTb_CS6,Tb_CS6,4
SRR10040047Aligned.sortedByCoord.out.bam,SRR10040047,D14A3S29,D14,EPI,EPI_D14,EmDisc_CS6,EmDisc_CS6,EmDisc_CS6,5
SRR10040045Aligned.sortedByCoord.out.bam,SRR10040045,D14A3S27,D14,CTB,CTB_D14,Tb_CS6,CTb_CS6,Tb_CS6,6
SRR10040046Aligned.sortedByCoord.out.bam,SRR10040046,D14A3S28,D14,EVT,EVT_D14,Tb_CS6,EVTb_CS6,Tb_CS6,7
SRR10040043Aligned.sortedByCoord.out.bam,SRR10040043,D14A3S25,D14,CTB,CTB_D14,Tb_CS6,CTb_CS6,Tb_CS6,8
SRR10040044Aligned.sortedByCoord.out.bam,SRR10040044,D14A3S26,D14,EVT,EVT_D14,Tb_CS6,EVTb_CS6,Tb_CS6,9
SRR10040042Aligned.sortedByCoord.out.bam,SRR10040042,D14A3S23,D14,EVT,EVT_D14,Tb_CS6,EVTb_CS6,Tb_CS6,10
SRR10040040Aligned.sortedByCoord.out.bam,SRR10040040,D14A3S19,D14,EVT,EVT_D14,Tb_CS6,EVTb_CS6,Tb_CS6,11
SRR10040041Aligned.sortedByCoord.out.bam,SRR10040041,D14A3S20,D14,EPI,EPI_D14,EmDisc_CS6,EmDisc_CS6,EmDisc_CS6,12
SRR10040039Aligned.sortedByCoord.out.bam,SRR10040039,D14A3S18,D14,STB,STB_D14,Tb_CS6,STb_CS6,Tb_CS6,13
SRR10040035Aligned.sortedByCoord.out.bam,SRR10040035,D14A3B14,D14,STB,STB_D14,Tb_CS6,STb_CS6,Tb_CS6,14
SRR10040036Aligned.sortedByCoord.out.bam,SRR10040036,D14A3B2,D14,EVT,EVT_D14,Tb_CS6,EVTb_CS6,Tb_CS6,15
SRR10040038Aligned.sortedByCoord.out.bam,SRR10040038,D14A3S14,D14,EVT,EVT_D14,Tb_CS6,EVTb_CS6,Tb_CS6,16
SRR10040032Aligned.sortedByCoord.out.bam,SRR10040032,D14A2S6,D14,EVT,EVT_D14,Tb_CS6,EVTb_CS6,Tb_CS6,17
SRR10040037Aligned.sortedByCoord.out.bam,SRR10040037,D14A3B7,D14,EVT,EVT_D14,Tb_CS6,EVTb_CS6,Tb_CS6,18
SRR10040031Aligned.sortedByCoord.out.bam,SRR10040031,D14A2S5,D14,EVT,EVT_D14,Tb_CS6,EVTb_CS6,Tb_CS6,19
SRR10040034Aligned.sortedByCoord.out.bam,SRR10040034,D14A3B12,D14,EVT,EVT_D14,Tb_CS6,EVTb_CS6,Tb_CS6,20
SRR10040033Aligned.sortedByCoord.out.bam,SRR10040033,D14A3B10,D14,EVT,EVT_D14,Tb_CS6,EVTb_CS6,Tb_CS6,21
SRR10040028Aligned.sortedByCoord.out.bam,SRR10040028,D14A2S27,D14,EVT,EVT_D14,Tb_CS6,EVTb_CS6,Tb_CS6,22
SRR10040025Aligned.sortedByCoord.out.bam,SRR10040025,D14A2S1,D14,EVT,EVT_D14,Tb_CS6,EVTb_CS6,Tb_CS6,23
SRR10040027Aligned.sortedByCoord.out.bam,SRR10040027,D14A2S23,D14,EVT,EVT_D14,Tb_CS6,EVTb_CS6,Tb_CS6,24
SRR10040030Aligned.sortedByCoord.out.bam,SRR10040030,D14A2S29,D14,STB,STB_D14,Tb_CS6,STb_CS6,Tb_CS6,25
SRR10040029Aligned.sortedByCoord.out.bam,SRR10040029,D14A2S28,D14,EVT,EVT_D14,Tb_CS6,EVTb_CS6,Tb_CS6,26
SRR10040026Aligned.sortedByCoord.out.bam,SRR10040026,D14A2S21,D14,EVT,EVT_D14,Tb_CS6,EVTb_CS6,Tb_CS6,27
SRR10040024Aligned.sortedByCoord.out.bam,SRR10040024,D14A2S19,D14,STB,STB_D14,Tb_CS6,STb_CS6,Tb_CS6,28
SRR10040018Aligned.sortedByCoord.out.bam,SRR10040018,D14A2B4,D14,STB,STB_D14,Tb_CS6,STb_CS6,Tb_CS6,29
SRR10040020Aligned.sortedByCoord.out.bam,SRR10040020,D14A2B9,D14,EVT,EVT_D14,Tb_CS6,EVTb_CS6,Tb_CS6,30
SRR10040022Aligned.sortedByCoord.out.bam,SRR10040022,D14A2S15,D14,CTB,CTB_D14,Tb_CS6,CTb_CS6,Tb_CS6,31
SRR10040023Aligned.sortedByCoord.out.bam,SRR10040023,D14A2S17,D14,EVT,EVT_D14,Tb_CS6,EVTb_CS6,Tb_CS6,32
SRR10040021Aligned.sortedByCoord.out.bam,SRR10040021,D14A2S13,D14,EVT,EVT_D14,Tb_CS6,EVTb_CS6,Tb_CS6,33
SRR10040019Aligned.sortedByCoord.out.bam,SRR10040019,D14A2B7,D14,STB,STB_D14,Tb_CS6,STb_CS6,Tb_CS6,34
SRR10040016Aligned.sortedByCoord.out.bam,SRR10040016,D14A2B1,D14,EVT,EVT_D14,Tb_CS6,EVTb_CS6,Tb_CS6,35
SRR10040017Aligned.sortedByCoord.out.bam,SRR10040017,D14A2B2,D14,EVT,EVT_D14,Tb_CS6,EVTb_CS6,Tb_CS6,36
SRR10040014Aligned.sortedByCoord.out.bam,SRR10040014,D14A2B13,D14,EVT,EVT_D14,Tb_CS6,EVTb_CS6,Tb_CS6,37
SRR10040015Aligned.sortedByCoord.out.bam,SRR10040015,D14A2B16,D14,STB,STB_D14,Tb_CS6,STb_CS6,Tb_CS6,38
SRR10040007Aligned.sortedByCoord.out.bam,SRR10040007,D14A1S63,D14,STB,STB_D14,Tb_CS6,STb_CS6,Tb_CS6,39
SRR10040013Aligned.sortedByCoord.out.bam,SRR10040013,D14A2B12,D14,EVT,EVT_D14,Tb_CS6,EVTb_CS6,Tb_CS6,40
SRR10039999Aligned.sortedByCoord.out.bam,SRR10039999,D14A1S56,D14,EPI,EPI_D14,EmDisc_CS6,EmDisc_CS6,EmDisc_CS6,41
SRR10040008Aligned.sortedByCoord.out.bam,SRR10040008,D14A1S64,D14,EPI,EPI_D14,EmDisc_CS6,EmDisc_CS6,EmDisc_CS6,42
SRR10040006Aligned.sortedByCoord.out.bam,SRR10040006,D14A1S62,D14,EPI,EPI_D14,EmDisc_CS6,EmDisc_CS6,EmDisc_CS6,43
SRR10040012Aligned.sortedByCoord.out.bam,SRR10040012,D14A1S9,D14,PSA-EPI,PSA-EPI_D14,EmDisc_CS6,EmDisc_CS6,EmDisc_CS6,44
SRR10040011Aligned.sortedByCoord.out.bam,SRR10040011,D14A1S8,D14,PSA-EPI,PSA-EPI_D14,EmDisc_CS6,EmDisc_CS6,EmDisc_CS6,45
SRR10040001Aligned.sortedByCoord.out.bam,SRR10040001,D14A1S58,D14,EPI,EPI_D14,EmDisc_CS6,EmDisc_CS6,EmDisc_CS6,46
SRR10040005Aligned.sortedByCoord.out.bam,SRR10040005,D14A1S61,D14,EPI,EPI_D14,EmDisc_CS6,EmDisc_CS6,EmDisc_CS6,47
SRR10040010Aligned.sortedByCoord.out.bam,SRR10040010,D14A1S7,D14,PSA-EPI,PSA-EPI_D14,EmDisc_CS6,EmDisc_CS6,EmDisc_CS6,48
SRR10040004Aligned.sortedByCoord.out.bam,SRR10040004,D14A1S60,D14,EPI,EPI_D14,EmDisc_CS6,EmDisc_CS6,EmDisc_CS6,49
SRR10039998Aligned.sortedByCoord.out.bam,SRR10039998,D14A1S53,D14,STB,STB_D14,Tb_CS6,STb_CS6,Tb_CS6,50
SRR10040000Aligned.sortedByCoord.out.bam,SRR10040000,D14A1S57,D14,EPI,EPI_D14,EmDisc_CS6,EmDisc_CS6,EmDisc_CS6,51
SRR10039997Aligned.sortedByCoord.out.bam,SRR10039997,D14A1S51,D14,EPI,EPI_D14,EmDisc_CS6,EmDisc_CS6,EmDisc_CS6,52
SRR10040009Aligned.sortedByCoord.out.bam,SRR10040009,D14A1S6,D14,PSA-EPI,PSA-EPI_D14,EmDisc_CS6,EmDisc_CS6,EmDisc_CS6,53
SRR10039996Aligned.sortedByCoord.out.bam,SRR10039996,D14A1S48,D14,EPI,EPI_D14,EmDisc_CS6,EmDisc_CS6,EmDisc_CS6,54
SRR10040002Aligned.sortedByCoord.out.bam,SRR10040002,D14A1S59,D14,EPI,EPI_D14,EmDisc_CS6,EmDisc_CS6,EmDisc_CS6,55
SRR10039995Aligned.sortedByCoord.out.bam,SRR10039995,D14A1S47,D14,EPI,EPI_D14,EmDisc_CS6,EmDisc_CS6,EmDisc_CS6,56
SRR10039994Aligned.sortedByCoord.out.bam,SRR10039994,D14A1S46,D14,EPI,EPI_D14,EmDisc_CS6,EmDisc_CS6,EmDisc_CS6,57
SRR10040003Aligned.sortedByCoord.out.bam,SRR10040003,D14A1S5,D14,PSA-EPI,PSA-EPI_D14,EmDisc_CS6,EmDisc_CS6,EmDisc_CS6,58
SRR10039992Aligned.sortedByCoord.out.bam,SRR10039992,D14A1S44,D14,STB,STB_D14,Tb_CS6,STb_CS6,Tb_CS6,59
SRR10039993Aligned.sortedByCoord.out.bam,SRR10039993,D14A1S45,D14,EPI,EPI_D14,EmDisc_CS6,EmDisc_CS6,EmDisc_CS6,60
SRR10039989Aligned.sortedByCoord.out.bam,SRR10039989,D14A1S41,D14,EPI,EPI_D14,EmDisc_CS6,EmDisc_CS6,EmDisc_CS6,61
SRR10039991Aligned.sortedByCoord.out.bam,SRR10039991,D14A1S43,D14,EPI,EPI_D14,EmDisc_CS6,EmDisc_CS6,EmDisc_CS6,62
SRR10039986Aligned.sortedByCoord.out.bam,SRR10039986,D14A1S36,D14,STB,STB_D14,Tb_CS6,STb_CS6,Tb_CS6,63
SRR10039985Aligned.sortedByCoord.out.bam,SRR10039985,D14A1S34,D14,STB,STB_D14,Tb_CS6,STb_CS6,Tb_CS6,64
SRR10039987Aligned.sortedByCoord.out.bam,SRR10039987,D14A1S39,D14,EPI,EPI_D14,EmDisc_CS6,EmDisc_CS6,EmDisc_CS6,65
SRR10039984Aligned.sortedByCoord.out.bam,SRR10039984,D14A1S33,D14,EPI,EPI_D14,EmDisc_CS6,EmDisc_CS6,EmDisc_CS6,66
SRR10039982Aligned.sortedByCoord.out.bam,SRR10039982,D14A1S31,D14,PSA-EPI,PSA-EPI_D14,EmDisc_CS6,EmDisc_CS6,EmDisc_CS6,67
SRR10039988Aligned.sortedByCoord.out.bam,SRR10039988,D14A1S3,D14,PSA-EPI,PSA-EPI_D14,EmDisc_CS6,EmDisc_CS6,EmDisc_CS6,68
SRR10039981Aligned.sortedByCoord.out.bam,SRR10039981,D14A1S30,D14,PSA-EPI,PSA-EPI_D14,EmDisc_CS6,EmDisc_CS6,EmDisc_CS6,69
SRR10039975Aligned.sortedByCoord.out.bam,SRR10039975,D14A1S25,D14,PSA-EPI,PSA-EPI_D14,EmDisc_CS6,EmDisc_CS6,EmDisc_CS6,70
SRR10039983Aligned.sortedByCoord.out.bam,SRR10039983,D14A1S32,D14,PSA-EPI,PSA-EPI_D14,EmDisc_CS6,EmDisc_CS6,EmDisc_CS6,71
SRR10039976Aligned.sortedByCoord.out.bam,SRR10039976,D14A1S26,D14,PSA-EPI,PSA-EPI_D14,EmDisc_CS6,EmDisc_CS6,EmDisc_CS6,72
SRR10039980Aligned.sortedByCoord.out.bam,SRR10039980,D14A1S2,D14,PSA-EPI,PSA-EPI_D14,EmDisc_CS6,EmDisc_CS6,EmDisc_CS6,73
SRR10039977Aligned.sortedByCoord.out.bam,SRR10039977,D14A1S27,D14,PSA-EPI,PSA-EPI_D14,EmDisc_CS6,EmDisc_CS6,EmDisc_CS6,74
SRR10039979Aligned.sortedByCoord.out.bam,SRR10039979,D14A1S29,D14,PSA-EPI,PSA-EPI_D14,EmDisc_CS6,EmDisc_CS6,EmDisc_CS6,75
SRR10039966Aligned.sortedByCoord.out.bam,SRR10039966,D14A1S17,D14,PSA-EPI,PSA-EPI_D14,EmDisc_CS6,EmDisc_CS6,EmDisc_CS6,76
SRR10039978Aligned.sortedByCoord.out.bam,SRR10039978,D14A1S28,D14,PSA-EPI,PSA-EPI_D14,EmDisc_CS6,EmDisc_CS6,EmDisc_CS6,77
SRR10039970Aligned.sortedByCoord.out.bam,SRR10039970,D14A1S20,D14,EPI,EPI_D14,EmDisc_CS6,EmDisc_CS6,EmDisc_CS6,78
SRR10039969Aligned.sortedByCoord.out.bam,SRR10039969,D14A1S1,D14,PSA-EPI,PSA-EPI_D14,EmDisc_CS6,EmDisc_CS6,EmDisc_CS6,79
SRR10039972Aligned.sortedByCoord.out.bam,SRR10039972,D14A1S22,D14,PSA-EPI,PSA-EPI_D14,EmDisc_CS6,EmDisc_CS6,EmDisc_CS6,80
SRR10039974Aligned.sortedByCoord.out.bam,SRR10039974,D14A1S24,D14,PSA-EPI,PSA-EPI_D14,EmDisc_CS6,EmDisc_CS6,EmDisc_CS6,81
SRR10039968Aligned.sortedByCoord.out.bam,SRR10039968,D14A1S19,D14,PSA-EPI,PSA-EPI_D14,EmDisc_CS6,EmDisc_CS6,EmDisc_CS6,82
SRR10039971Aligned.sortedByCoord.out.bam,SRR10039971,D14A1S21,D14,PSA-EPI,PSA-EPI_D14,EmDisc_CS6,EmDisc_CS6,EmDisc_CS6,83
SRR10039967Aligned.sortedByCoord.out.bam,SRR10039967,D14A1S18,D14,PSA-EPI,PSA-EPI_D14,EmDisc_CS6,EmDisc_CS6,EmDisc_CS6,84
SRR10039973Aligned.sortedByCoord.out.bam,SRR10039973,D14A1S23,D14,PSA-EPI,PSA-EPI_D14,EmDisc_CS6,EmDisc_CS6,EmDisc_CS6,85
SRR10039964Aligned.sortedByCoord.out.bam,SRR10039964,D14A1S15,D14,PSA-EPI,PSA-EPI_D14,EmDisc_CS6,EmDisc_CS6,EmDisc_CS6,86
SRR10039965Aligned.sortedByCoord.out.bam,SRR10039965,D14A1S16,D14,PSA-EPI,PSA-EPI_D14,EmDisc_CS6,EmDisc_CS6,EmDisc_CS6,87
SRR10039961Aligned.sortedByCoord.out.bam,SRR10039961,D14A1S12,D14,PSA-EPI,PSA-EPI_D14,EmDisc_CS6,EmDisc_CS6,EmDisc_CS6,88
SRR10039963Aligned.sortedByCoord.out.bam,SRR10039963,D14A1S14,D14,PSA-EPI,PSA-EPI_D14,EmDisc_CS6,EmDisc_CS6,EmDisc_CS6,89
SRR10039958Aligned.sortedByCoord.out.bam,SRR10039958,D14A1B9,D14,PSA-EPI,PSA-EPI_D14,EmDisc_CS6,EmDisc_CS6,EmDisc_CS6,90
SRR10039962Aligned.sortedByCoord.out.bam,SRR10039962,D14A1S13,D14,PSA-EPI,PSA-EPI_D14,EmDisc_CS6,EmDisc_CS6,EmDisc_CS6,91
SRR10039957Aligned.sortedByCoord.out.bam,SRR10039957,D14A1B8,D14,PSA-EPI,PSA-EPI_D14,EmDisc_CS6,EmDisc_CS6,EmDisc_CS6,92
SRR10039949Aligned.sortedByCoord.out.bam,SRR10039949,D14A1B27,D14,EPI,EPI_D14,EmDisc_CS6,EmDisc_CS6,EmDisc_CS6,93
SRR10039948Aligned.sortedByCoord.out.bam,SRR10039948,D14A1B26,D14,STB,STB_D14,Tb_CS6,STb_CS6,Tb_CS6,94
SRR10039960Aligned.sortedByCoord.out.bam,SRR10039960,D14A1S11,D14,PSA-EPI,PSA-EPI_D14,EmDisc_CS6,EmDisc_CS6,EmDisc_CS6,95
SRR10039950Aligned.sortedByCoord.out.bam,SRR10039950,D14A1B28,D14,EPI,EPI_D14,EmDisc_CS6,EmDisc_CS6,EmDisc_CS6,96
SRR10039959Aligned.sortedByCoord.out.bam,SRR10039959,D14A1S10,D14,PSA-EPI,PSA-EPI_D14,EmDisc_CS6,EmDisc_CS6,EmDisc_CS6,97
SRR10039956Aligned.sortedByCoord.out.bam,SRR10039956,D14A1B7,D14,PSA-EPI,PSA-EPI_D14,EmDisc_CS6,EmDisc_CS6,EmDisc_CS6,98
SRR10039944Aligned.sortedByCoord.out.bam,SRR10039944,D14A1B22,D14,STB,STB_D14,Tb_CS6,STb_CS6,Tb_CS6,99
SRR10039953Aligned.sortedByCoord.out.bam,SRR10039953,D14A1B4,D14,PSA-EPI,PSA-EPI_D14,EmDisc_CS6,EmDisc_CS6,EmDisc_CS6,100
SRR10039945Aligned.sortedByCoord.out.bam,SRR10039945,D14A1B23,D14,STB,STB_D14,Tb_CS6,STb_CS6,Tb_CS6,101
SRR10039947Aligned.sortedByCoord.out.bam,SRR10039947,D14A1B25,D14,STB,STB_D14,Tb_CS6,STb_CS6,Tb_CS6,102
SRR10039955Aligned.sortedByCoord.out.bam,SRR10039955,D14A1B6,D14,PSA-EPI,PSA-EPI_D14,EmDisc_CS6,EmDisc_CS6,EmDisc_CS6,103
SRR10039946Aligned.sortedByCoord.out.bam,SRR10039946,D14A1B24,D14,STB,STB_D14,Tb_CS6,STb_CS6,Tb_CS6,104
SRR10039954Aligned.sortedByCoord.out.bam,SRR10039954,D14A1B5,D14,PSA-EPI,PSA-EPI_D14,EmDisc_CS6,EmDisc_CS6,EmDisc_CS6,105
SRR10039952Aligned.sortedByCoord.out.bam,SRR10039952,D14A1B3,D14,PSA-EPI,PSA-EPI_D14,EmDisc_CS6,EmDisc_CS6,EmDisc_CS6,106
SRR10039951Aligned.sortedByCoord.out.bam,SRR10039951,D14A1B2,D14,PSA-EPI,PSA-EPI_D14,EmDisc_CS6,EmDisc_CS6,EmDisc_CS6,107
SRR10039942Aligned.sortedByCoord.out.bam,SRR10039942,D14A1B20,D14,STB,STB_D14,Tb_CS6,STb_CS6,Tb_CS6,108
SRR10039943Aligned.sortedByCoord.out.bam,SRR10039943,D14A1B21,D14,PrE,PrE_D14,SYS_CS6,SYS_CS6,SYS_CS6,109
SRR10039940Aligned.sortedByCoord.out.bam,SRR10039940,D14A1B19,D14,EVT,EVT_D14,Tb_CS6,EVTb_CS6,Tb_CS6,110
SRR10039939Aligned.sortedByCoord.out.bam,SRR10039939,D14A1B18,D14,STB,STB_D14,Tb_CS6,STb_CS6,Tb_CS6,111
SRR10039930Aligned.sortedByCoord.out.bam,SRR10039930,D14_2B3,D14,EVT,EVT_D14,Tb_CS6,EVTb_CS6,Tb_CS6,112
SRR10039938Aligned.sortedByCoord.out.bam,SRR10039938,D14A1B17,D14,EVT,EVT_D14,Tb_CS6,EVTb_CS6,Tb_CS6,113
SRR10039941Aligned.sortedByCoord.out.bam,SRR10039941,D14A1B1,D14,PSA-EPI,PSA-EPI_D14,EmDisc_CS6,EmDisc_CS6,EmDisc_CS6,114
SRR10039937Aligned.sortedByCoord.out.bam,SRR10039937,D14A1B16,D14,PSA-EPI,PSA-EPI_D14,EmDisc_CS6,EmDisc_CS6,EmDisc_CS6,115
SRR10039923Aligned.sortedByCoord.out.bam,SRR10039923,D14_3B6,D14,EVT,EVT_D14,Tb_CS6,EVTb_CS6,Tb_CS6,116
SRR10039935Aligned.sortedByCoord.out.bam,SRR10039935,D14A1B14,D14,PSA-EPI,PSA-EPI_D14,EmDisc_CS6,EmDisc_CS6,EmDisc_CS6,117
SRR10039929Aligned.sortedByCoord.out.bam,SRR10039929,D14_2B1,D14,EVT,EVT_D14,Tb_CS6,EVTb_CS6,Tb_CS6,118
SRR10039927Aligned.sortedByCoord.out.bam,SRR10039927,D14_3S9,D14,CTB,CTB_D14,Tb_CS6,CTb_CS6,Tb_CS6,119
SRR10039936Aligned.sortedByCoord.out.bam,SRR10039936,D14A1B15,D14,PSA-EPI,PSA-EPI_D14,EmDisc_CS6,EmDisc_CS6,EmDisc_CS6,120
SRR10039928Aligned.sortedByCoord.out.bam,SRR10039928,D14_2S2,D14,STB,STB_D14,Tb_CS6,STb_CS6,Tb_CS6,121
SRR10039926Aligned.sortedByCoord.out.bam,SRR10039926,D14_3S16,D14,EPI,EPI_D14,EmDisc_CS6,EmDisc_CS6,EmDisc_CS6,122
SRR10039924Aligned.sortedByCoord.out.bam,SRR10039924,D14_3S10,D14,EPI,EPI_D14,EmDisc_CS6,EmDisc_CS6,EmDisc_CS6,123
SRR10039933Aligned.sortedByCoord.out.bam,SRR10039933,D14A1B12,D14,STB,STB_D14,Tb_CS6,STb_CS6,Tb_CS6,124
SRR10039934Aligned.sortedByCoord.out.bam,SRR10039934,D14A1B13,D14,PSA-EPI,PSA-EPI_D14,EmDisc_CS6,EmDisc_CS6,EmDisc_CS6,125
SRR10039932Aligned.sortedByCoord.out.bam,SRR10039932,D14A1B11,D14,PSA-EPI,PSA-EPI_D14,EmDisc_CS6,EmDisc_CS6,EmDisc_CS6,126
SRR10039925Aligned.sortedByCoord.out.bam,SRR10039925,D14_3S15,D14,EPI,EPI_D14,EmDisc_CS6,EmDisc_CS6,EmDisc_CS6,127
SRR10039931Aligned.sortedByCoord.out.bam,SRR10039931,D14A1B10,D14,STB,STB_D14,Tb_CS6,STb_CS6,Tb_CS6,128
SRR10039920Aligned.sortedByCoord.out.bam,SRR10039920,D14_1S2,D14,EVT,EVT_D14,Tb_CS6,EVTb_CS6,Tb_CS6,129
SRR10039922Aligned.sortedByCoord.out.bam,SRR10039922,D14_3B5,D14,EVT,EVT_D14,Tb_CS6,EVTb_CS6,Tb_CS6,130
SRR10039917Aligned.sortedByCoord.out.bam,SRR10039917,D14_1B2,D14,STB,STB_D14,Tb_CS6,STb_CS6,Tb_CS6,131
SRR10039918Aligned.sortedByCoord.out.bam,SRR10039918,D14_1B5,D14,EVT,EVT_D14,Tb_CS6,EVTb_CS6,Tb_CS6,132
SRR10039921Aligned.sortedByCoord.out.bam,SRR10039921,D14_2S1,D14,EVT,EVT_D14,Tb_CS6,EVTb_CS6,Tb_CS6,133
SRR10039916Aligned.sortedByCoord.out.bam,SRR10039916,D14_1B1,D14,EVT,EVT_D14,Tb_CS6,EVTb_CS6,Tb_CS6,134
SRR10039919Aligned.sortedByCoord.out.bam,SRR10039919,D14_1S10,D14,STB,STB_D14,Tb_CS6,STb_CS6,Tb_CS6,135
SRR10039914Aligned.sortedByCoord.out.bam,SRR10039914,D12_2S1,D12,STB,STB_D12,Tb_CS5,STb_CS5C,Tb_CS5,136
SRR10039915Aligned.sortedByCoord.out.bam,SRR10039915,D12A4S27,D12,EPI,EPI_D12,EmDisc_CS5,EmDisc_CS5C,EmDisc_CS5,137
SRR10039912Aligned.sortedByCoord.out.bam,SRR10039912,D12_2B2,D12,EVT,EVT_D12,Tb_CS5,EVTb_CS5C,Tb_CS5,138
SRR10039913Aligned.sortedByCoord.out.bam,SRR10039913,D12_2B9,D12,EVT,EVT_D12,Tb_CS5,EVTb_CS5C,Tb_CS5,139
SRR10039911Aligned.sortedByCoord.out.bam,SRR10039911,D12_1B4,D12,STB,STB_D12,Tb_CS5,STb_CS5C,Tb_CS5,140
SRR10039907Aligned.sortedByCoord.out.bam,SRR10039907,D12A5S4,D12,PrE,PrE_D12,VE_CS5,VE_CS5C,VE_CS5,141
SRR10039910Aligned.sortedByCoord.out.bam,SRR10039910,D12_1B3,D12,EVT,EVT_D12,Tb_CS5,EVTb_CS5C,Tb_CS5,142
SRR10039909Aligned.sortedByCoord.out.bam,SRR10039909,D12A5S6,D12,EPI,EPI_D12,EmDisc_CS5,EmDisc_CS5C,EmDisc_CS5,143
SRR10039908Aligned.sortedByCoord.out.bam,SRR10039908,D12A5S5,D12,EPI,EPI_D12,EmDisc_CS5,EmDisc_CS5C,EmDisc_CS5,144
SRR10039905Aligned.sortedByCoord.out.bam,SRR10039905,D12A5S25,D12,PrE,PrE_D12,VE_CS5,VE_CS5C,VE_CS5,145
SRR10039906Aligned.sortedByCoord.out.bam,SRR10039906,D12A5S30,D12,PrE,PrE_D12,VE_CS5,VE_CS5C,VE_CS5,146
SRR10039903Aligned.sortedByCoord.out.bam,SRR10039903,D12A5S20,D12,PrE,PrE_D12,VE_CS5,VE_CS5C,VE_CS5,147
SRR10039904Aligned.sortedByCoord.out.bam,SRR10039904,D12A5S24,D12,PrE,PrE_D12,VE_CS5,VE_CS5C,VE_CS5,148
SRR10039902Aligned.sortedByCoord.out.bam,SRR10039902,D12A5S1,D12,PrE,PrE_D12,VE_CS5,VE_CS5C,VE_CS5,149
SRR10039901Aligned.sortedByCoord.out.bam,SRR10039901,D12A5S19,D12,EPI,EPI_D12,EmDisc_CS5,EmDisc_CS5C,EmDisc_CS5,150
SRR10039900Aligned.sortedByCoord.out.bam,SRR10039900,D12A5S18,D12,CTB,CTB_D12,Tb_CS5,CTb_CS5C,Tb_CS5,151
SRR10039885Aligned.sortedByCoord.out.bam,SRR10039885,D12A4S22,D12,EPI,EPI_D12,EmDisc_CS5,EmDisc_CS5C,EmDisc_CS5,152
SRR10039899Aligned.sortedByCoord.out.bam,SRR10039899,D12A5S17,D12,PrE,PrE_D12,VE_CS5,VE_CS5C,VE_CS5,153
SRR10039896Aligned.sortedByCoord.out.bam,SRR10039896,D12A5B9,D12,STB,STB_D12,Tb_CS5,STb_CS5C,Tb_CS5,154
SRR10039898Aligned.sortedByCoord.out.bam,SRR10039898,D12A5S16,D12,EPI,EPI_D12,EmDisc_CS5,EmDisc_CS5C,EmDisc_CS5,155
SRR10039894Aligned.sortedByCoord.out.bam,SRR10039894,D12A5B5,D12,EVT,EVT_D12,Tb_CS5,EVTb_CS5C,Tb_CS5,156
SRR10039895Aligned.sortedByCoord.out.bam,SRR10039895,D12A5B6,D12,CTB,CTB_D12,Tb_CS5,CTb_CS5C,Tb_CS5,157
SRR10039893Aligned.sortedByCoord.out.bam,SRR10039893,D12A5B15,D12,STB,STB_D12,Tb_CS5,STb_CS5C,Tb_CS5,158
SRR10039897Aligned.sortedByCoord.out.bam,SRR10039897,D12A5S13,D12,CTB,CTB_D12,Tb_CS5,CTb_CS5C,Tb_CS5,159
SRR10039892Aligned.sortedByCoord.out.bam,SRR10039892,D12A5B11,D12,PrE,PrE_D12,VE_CS5,VE_CS5C,VE_CS5,160
SRR10039888Aligned.sortedByCoord.out.bam,SRR10039888,D12A4S2,D12,CTB,CTB_D12,Tb_CS5,CTb_CS5C,Tb_CS5,161
SRR10039891Aligned.sortedByCoord.out.bam,SRR10039891,D12A4S9,D12,CTB,CTB_D12,Tb_CS5,CTb_CS5C,Tb_CS5,162
SRR10039890Aligned.sortedByCoord.out.bam,SRR10039890,D12A4S7,D12,EPI,EPI_D12,EmDisc_CS5,EmDisc_CS5C,EmDisc_CS5,163
SRR10039887Aligned.sortedByCoord.out.bam,SRR10039887,D12A4S29,D12,EPI,EPI_D12,EmDisc_CS5,EmDisc_CS5C,EmDisc_CS5,164
SRR10039889Aligned.sortedByCoord.out.bam,SRR10039889,D12A4S30,D12,EPI,EPI_D12,EmDisc_CS5,EmDisc_CS5C,EmDisc_CS5,165
SRR10039886Aligned.sortedByCoord.out.bam,SRR10039886,D12A4S26,D12,EPI,EPI_D12,EmDisc_CS5,EmDisc_CS5C,EmDisc_CS5,166
SRR10039884Aligned.sortedByCoord.out.bam,SRR10039884,D12A4S21,D12,STB,STB_D12,Tb_CS5,STb_CS5C,Tb_CS5,167
SRR10039882Aligned.sortedByCoord.out.bam,SRR10039882,D12A4S16,D12,CTB,CTB_D12,Tb_CS5,CTb_CS5C,Tb_CS5,168
SRR10039881Aligned.sortedByCoord.out.bam,SRR10039881,D12A4S12,D12,CTB,CTB_D12,Tb_CS5,CTb_CS5C,Tb_CS5,169
SRR10039883Aligned.sortedByCoord.out.bam,SRR10039883,D12A4S17,D12,CTB,CTB_D12,Tb_CS5,CTb_CS5C,Tb_CS5,170
SRR10039880Aligned.sortedByCoord.out.bam,SRR10039880,D12A4B9,D12,STB,STB_D12,Tb_CS5,STb_CS5C,Tb_CS5,171
SRR10039878Aligned.sortedByCoord.out.bam,SRR10039878,D12A4B5,D12,STB,STB_D12,Tb_CS5,STb_CS5C,Tb_CS5,172
SRR10039879Aligned.sortedByCoord.out.bam,SRR10039879,D12A4B8,D12,STB,STB_D12,Tb_CS5,STb_CS5C,Tb_CS5,173
SRR10039877Aligned.sortedByCoord.out.bam,SRR10039877,D12A4B16,D12,STB,STB_D12,Tb_CS5,STb_CS5C,Tb_CS5,174
SRR10039875Aligned.sortedByCoord.out.bam,SRR10039875,D12A3S9,D12,CTB,CTB_D12,Tb_CS5,CTb_CS5C,Tb_CS5,175
SRR10039876Aligned.sortedByCoord.out.bam,SRR10039876,D12A4B15,D12,STB,STB_D12,Tb_CS5,STb_CS5C,Tb_CS5,176
SRR10039874Aligned.sortedByCoord.out.bam,SRR10039874,D12A3S8,D12,CTB,CTB_D12,Tb_CS5,CTb_CS5C,Tb_CS5,177
SRR10039873Aligned.sortedByCoord.out.bam,SRR10039873,D12A3S7,D12,STB,STB_D12,Tb_CS5,STb_CS5C,Tb_CS5,178
SRR10039872Aligned.sortedByCoord.out.bam,SRR10039872,D12A3S6,D12,CTB,CTB_D12,Tb_CS5,CTb_CS5C,Tb_CS5,179
SRR10039871Aligned.sortedByCoord.out.bam,SRR10039871,D12A3S5,D12,CTB,CTB_D12,Tb_CS5,CTb_CS5C,Tb_CS5,180
SRR10039867Aligned.sortedByCoord.out.bam,SRR10039867,D12A3S31,D12,CTB,CTB_D12,Tb_CS5,CTb_CS5C,Tb_CS5,181
SRR10039869Aligned.sortedByCoord.out.bam,SRR10039869,D12A3S3,D12,EPI,EPI_D12,EmDisc_CS5,EmDisc_CS5C,EmDisc_CS5,182
SRR10039868Aligned.sortedByCoord.out.bam,SRR10039868,D12A3S32,D12,EPI,EPI_D12,EmDisc_CS5,EmDisc_CS5C,EmDisc_CS5,183
SRR10039870Aligned.sortedByCoord.out.bam,SRR10039870,D12A3S4,D12,CTB,CTB_D12,Tb_CS5,CTb_CS5C,Tb_CS5,184
SRR10039862Aligned.sortedByCoord.out.bam,SRR10039862,D12A3S27,D12,EPI,EPI_D12,EmDisc_CS5,EmDisc_CS5C,EmDisc_CS5,185
SRR10039866Aligned.sortedByCoord.out.bam,SRR10039866,D12A3S30,D12,STB,STB_D12,Tb_CS5,STb_CS5C,Tb_CS5,186
SRR10039865Aligned.sortedByCoord.out.bam,SRR10039865,D12A3S2,D12,EPI,EPI_D12,EmDisc_CS5,EmDisc_CS5C,EmDisc_CS5,187
SRR10039864Aligned.sortedByCoord.out.bam,SRR10039864,D12A3S29,D12,STB,STB_D12,Tb_CS5,STb_CS5C,Tb_CS5,188
SRR10039863Aligned.sortedByCoord.out.bam,SRR10039863,D12A3S28,D12,CTB,CTB_D12,Tb_CS5,CTb_CS5C,Tb_CS5,189
SRR10039861Aligned.sortedByCoord.out.bam,SRR10039861,D12A3S26,D12,EPI,EPI_D12,EmDisc_CS5,EmDisc_CS5C,EmDisc_CS5,190
SRR10039860Aligned.sortedByCoord.out.bam,SRR10039860,D12A3S25,D12,CTB,CTB_D12,Tb_CS5,CTb_CS5C,Tb_CS5,191
SRR10039858Aligned.sortedByCoord.out.bam,SRR10039858,D12A3S23,D12,EPI,EPI_D12,EmDisc_CS5,EmDisc_CS5C,EmDisc_CS5,192
SRR10039859Aligned.sortedByCoord.out.bam,SRR10039859,D12A3S24,D12,EPI,EPI_D12,EmDisc_CS5,EmDisc_CS5C,EmDisc_CS5,193
SRR10039857Aligned.sortedByCoord.out.bam,SRR10039857,D12A3S22,D12,STB,STB_D12,Tb_CS5,STb_CS5C,Tb_CS5,194
SRR10039853Aligned.sortedByCoord.out.bam,SRR10039853,D12A3S19,D12,CTB,CTB_D12,Tb_CS5,CTb_CS5C,Tb_CS5,195
SRR10039856Aligned.sortedByCoord.out.bam,SRR10039856,D12A3S21,D12,CTB,CTB_D12,Tb_CS5,CTb_CS5C,Tb_CS5,196
SRR10039852Aligned.sortedByCoord.out.bam,SRR10039852,D12A3S18,D12,CTB,CTB_D12,Tb_CS5,CTb_CS5C,Tb_CS5,197
SRR10039854Aligned.sortedByCoord.out.bam,SRR10039854,D12A3S1,D12,STB,STB_D12,Tb_CS5,STb_CS5C,Tb_CS5,198
SRR10039855Aligned.sortedByCoord.out.bam,SRR10039855,D12A3S20,D12,CTB,CTB_D12,Tb_CS5,CTb_CS5C,Tb_CS5,199
SRR10039851Aligned.sortedByCoord.out.bam,SRR10039851,D12A3S17,D12,CTB,CTB_D12,Tb_CS5,CTb_CS5C,Tb_CS5,200
SRR10039850Aligned.sortedByCoord.out.bam,SRR10039850,D12A3S16,D12,EPI,EPI_D12,EmDisc_CS5,EmDisc_CS5C,EmDisc_CS5,201
SRR10039846Aligned.sortedByCoord.out.bam,SRR10039846,D12A3S12,D12,CTB,CTB_D12,Tb_CS5,CTb_CS5C,Tb_CS5,202
SRR10039849Aligned.sortedByCoord.out.bam,SRR10039849,D12A3S15,D12,EPI,EPI_D12,EmDisc_CS5,EmDisc_CS5C,EmDisc_CS5,203
SRR10039848Aligned.sortedByCoord.out.bam,SRR10039848,D12A3S14,D12,STB,STB_D12,Tb_CS5,STb_CS5C,Tb_CS5,204
SRR10039847Aligned.sortedByCoord.out.bam,SRR10039847,D12A3S13,D12,EPI,EPI_D12,EmDisc_CS5,EmDisc_CS5C,EmDisc_CS5,205
SRR10039843Aligned.sortedByCoord.out.bam,SRR10039843,D12A3B9,D12,STB,STB_D12,Tb_CS5,STb_CS5C,Tb_CS5,206
SRR10039845Aligned.sortedByCoord.out.bam,SRR10039845,D12A3S11,D12,CTB,CTB_D12,Tb_CS5,CTb_CS5C,Tb_CS5,207
SRR10039840Aligned.sortedByCoord.out.bam,SRR10039840,D12A3B6,D12,STB,STB_D12,Tb_CS5,STb_CS5C,Tb_CS5,208
SRR10039842Aligned.sortedByCoord.out.bam,SRR10039842,D12A3B8,D12,STB,STB_D12,Tb_CS5,STb_CS5C,Tb_CS5,209
SRR10039841Aligned.sortedByCoord.out.bam,SRR10039841,D12A3B7,D12,STB,STB_D12,Tb_CS5,STb_CS5C,Tb_CS5,210
SRR10039844Aligned.sortedByCoord.out.bam,SRR10039844,D12A3S10,D12,EPI,EPI_D12,EmDisc_CS5,EmDisc_CS5C,EmDisc_CS5,211
SRR10039839Aligned.sortedByCoord.out.bam,SRR10039839,D12A3B5,D12,STB,STB_D12,Tb_CS5,STb_CS5C,Tb_CS5,212
SRR10039838Aligned.sortedByCoord.out.bam,SRR10039838,D12A3B4,D12,CTB,CTB_D12,Tb_CS5,CTb_CS5C,Tb_CS5,213
SRR10039837Aligned.sortedByCoord.out.bam,SRR10039837,D12A3B3,D12,STB,STB_D12,Tb_CS5,STb_CS5C,Tb_CS5,214
SRR10039834Aligned.sortedByCoord.out.bam,SRR10039834,D12A3B16,D12,STB,STB_D12,Tb_CS5,STb_CS5C,Tb_CS5,215
SRR10039833Aligned.sortedByCoord.out.bam,SRR10039833,D12A3B15,D12,STB,STB_D12,Tb_CS5,STb_CS5C,Tb_CS5,216
SRR10039836Aligned.sortedByCoord.out.bam,SRR10039836,D12A3B2,D12,STB,STB_D12,Tb_CS5,STb_CS5C,Tb_CS5,217
SRR10039835Aligned.sortedByCoord.out.bam,SRR10039835,D12A3B1,D12,PrE,PrE_D12,VE_CS5,VE_CS5C,VE_CS5,218
SRR10039832Aligned.sortedByCoord.out.bam,SRR10039832,D12A3B14,D12,EPI,EPI_D12,EmDisc_CS5,EmDisc_CS5C,EmDisc_CS5,219
SRR10039831Aligned.sortedByCoord.out.bam,SRR10039831,D12A3B13,D12,STB,STB_D12,Tb_CS5,STb_CS5C,Tb_CS5,220
SRR10039830Aligned.sortedByCoord.out.bam,SRR10039830,D12A3B12,D12,STB,STB_D12,Tb_CS5,STb_CS5C,Tb_CS5,221
SRR10039829Aligned.sortedByCoord.out.bam,SRR10039829,D12A3B11,D12,STB,STB_D12,Tb_CS5,STb_CS5C,Tb_CS5,222
SRR10039828Aligned.sortedByCoord.out.bam,SRR10039828,D12A3B10,D12,STB,STB_D12,Tb_CS5,STb_CS5C,Tb_CS5,223
SRR10039827Aligned.sortedByCoord.out.bam,SRR10039827,D10A6S8,D10,EPI,EPI_D10,EmDisc_CS5,EmDisc_CS5A/B,EmDisc_CS5,224
SRR10039824Aligned.sortedByCoord.out.bam,SRR10039824,D10A6S4,D10,EPI,EPI_D10,EmDisc_CS5,EmDisc_CS5A/B,EmDisc_CS5,225
SRR10039826Aligned.sortedByCoord.out.bam,SRR10039826,D10A6S7,D10,EPI,EPI_D10,EmDisc_CS5,EmDisc_CS5A/B,EmDisc_CS5,226
SRR10039825Aligned.sortedByCoord.out.bam,SRR10039825,D10A6S5,D10,EPI,EPI_D10,EmDisc_CS5,EmDisc_CS5A/B,EmDisc_CS5,227
SRR10039823Aligned.sortedByCoord.out.bam,SRR10039823,D10A6S1,D10,PrE,PrE_D10,VE_CS5,VE_CS5A/B,VE_CS5,228
SRR10039822Aligned.sortedByCoord.out.bam,SRR10039822,D10A6S14,D10,PrE,PrE_D10,VE_CS5,VE_CS5A/B,VE_CS5,229
SRR10039820Aligned.sortedByCoord.out.bam,SRR10039820,D10A5S3,D10,CTB,CTB_D10,Tb_CS5,CTb_CS5A/B,Tb_CS5,230
SRR10039821Aligned.sortedByCoord.out.bam,SRR10039821,D10A6S10,D10,CTB,CTB_D10,Tb_CS5,CTb_CS5A/B,Tb_CS5,231
SRR10039816Aligned.sortedByCoord.out.bam,SRR10039816,D10A5B3,D10,STB,STB_D10,Tb_CS5,STb_CS5A/B,Tb_CS5,232
SRR10039819Aligned.sortedByCoord.out.bam,SRR10039819,D10A5S16,D10,STB,STB_D10,Tb_CS5,STb_CS5A/B,Tb_CS5,233
SRR10039817Aligned.sortedByCoord.out.bam,SRR10039817,D10A5B8,D10,STB,STB_D10,Tb_CS5,STb_CS5A/B,Tb_CS5,234
SRR10039818Aligned.sortedByCoord.out.bam,SRR10039818,D10A5S12,D10,CTB,CTB_D10,Tb_CS5,CTb_CS5A/B,Tb_CS5,235
SRR10039815Aligned.sortedByCoord.out.bam,SRR10039815,D10A5B1,D10,STB,STB_D10,Tb_CS5,STb_CS5A/B,Tb_CS5,236
SRR10039814Aligned.sortedByCoord.out.bam,SRR10039814,D10A4S9,D10,CTB,CTB_D10,Tb_CS5,CTb_CS5A/B,Tb_CS5,237
SRR10039813Aligned.sortedByCoord.out.bam,SRR10039813,D10A4S8,D10,STB,STB_D10,Tb_CS5,STb_CS5A/B,Tb_CS5,238
SRR10039812Aligned.sortedByCoord.out.bam,SRR10039812,D10A4S7,D10,CTB,CTB_D10,Tb_CS5,CTb_CS5A/B,Tb_CS5,239
SRR10039811Aligned.sortedByCoord.out.bam,SRR10039811,D10A4S16,D10,CTB,CTB_D10,Tb_CS5,CTb_CS5A/B,Tb_CS5,240
SRR10039810Aligned.sortedByCoord.out.bam,SRR10039810,D10A4S14,D10,CTB,CTB_D10,Tb_CS5,CTb_CS5A/B,Tb_CS5,241
SRR10039808Aligned.sortedByCoord.out.bam,SRR10039808,D10A4B8,D10,STB,STB_D10,Tb_CS5,STb_CS5A/B,Tb_CS5,242
SRR10039809Aligned.sortedByCoord.out.bam,SRR10039809,D10A4S11,D10,STB,STB_D10,Tb_CS5,STb_CS5A/B,Tb_CS5,243
SRR10039806Aligned.sortedByCoord.out.bam,SRR10039806,D10A4B3,D10,CTB,CTB_D10,Tb_CS5,CTb_CS5A/B,Tb_CS5,244
SRR10039807Aligned.sortedByCoord.out.bam,SRR10039807,D10A4B7,D10,STB,STB_D10,Tb_CS5,STb_CS5A/B,Tb_CS5,245
SRR10039805Aligned.sortedByCoord.out.bam,SRR10039805,D10A3S9,D10,CTB,CTB_D10,Tb_CS5,CTb_CS5A/B,Tb_CS5,246
SRR10039804Aligned.sortedByCoord.out.bam,SRR10039804,D10A3S7,D10,CTB,CTB_D10,Tb_CS5,CTb_CS5A/B,Tb_CS5,247
SRR10039803Aligned.sortedByCoord.out.bam,SRR10039803,D10A3S35,D10,CTB,CTB_D10,Tb_CS5,CTb_CS5A/B,Tb_CS5,248
SRR10039802Aligned.sortedByCoord.out.bam,SRR10039802,D10A3S2,D10,CTB,CTB_D10,Tb_CS5,CTb_CS5A/B,Tb_CS5,249
SRR10039800Aligned.sortedByCoord.out.bam,SRR10039800,D10A3S18,D10,STB,STB_D10,Tb_CS5,STb_CS5A/B,Tb_CS5,250
SRR10039801Aligned.sortedByCoord.out.bam,SRR10039801,D10A3S1,D10,CTB,CTB_D10,Tb_CS5,CTb_CS5A/B,Tb_CS5,251
SRR10039798Aligned.sortedByCoord.out.bam,SRR10039798,D10A3B9,D10,CTB,CTB_D10,Tb_CS5,CTb_CS5A/B,Tb_CS5,252
SRR10039799Aligned.sortedByCoord.out.bam,SRR10039799,D10A3S10,D10,STB,STB_D10,Tb_CS5,STb_CS5A/B,Tb_CS5,253
SRR10039793Aligned.sortedByCoord.out.bam,SRR10039793,D10A3B4,D10,CTB,CTB_D10,Tb_CS5,CTb_CS5A/B,Tb_CS5,254
SRR10039796Aligned.sortedByCoord.out.bam,SRR10039796,D10A3B7,D10,CTB,CTB_D10,Tb_CS5,CTb_CS5A/B,Tb_CS5,255
SRR10039794Aligned.sortedByCoord.out.bam,SRR10039794,D10A3B5,D10,CTB,CTB_D10,Tb_CS5,CTb_CS5A/B,Tb_CS5,256
SRR10039795Aligned.sortedByCoord.out.bam,SRR10039795,D10A3B6,D10,STB,STB_D10,Tb_CS5,STb_CS5A/B,Tb_CS5,257
SRR10039797Aligned.sortedByCoord.out.bam,SRR10039797,D10A3B8,D10,STB,STB_D10,Tb_CS5,STb_CS5A/B,Tb_CS5,258
SRR10039792Aligned.sortedByCoord.out.bam,SRR10039792,D10A3B3,D10,STB,STB_D10,Tb_CS5,STb_CS5A/B,Tb_CS5,259
SRR10039791Aligned.sortedByCoord.out.bam,SRR10039791,D10A3B2,D10,CTB,CTB_D10,Tb_CS5,CTb_CS5A/B,Tb_CS5,260
SRR10039788Aligned.sortedByCoord.out.bam,SRR10039788,D10A2S32,D10,EPI,EPI_D10,EmDisc_CS5,EmDisc_CS5A/B,EmDisc_CS5,261
SRR10039790Aligned.sortedByCoord.out.bam,SRR10039790,D10A3B17,D10,CTB,CTB_D10,Tb_CS5,CTb_CS5A/B,Tb_CS5,262
SRR10039789Aligned.sortedByCoord.out.bam,SRR10039789,D10A2S3,D10,EPI,EPI_D10,EmDisc_CS5,EmDisc_CS5A/B,EmDisc_CS5,263
SRR10039787Aligned.sortedByCoord.out.bam,SRR10039787,D10A2S2,D10,STB,STB_D10,Tb_CS5,STb_CS5A/B,Tb_CS5,264
SRR10039786Aligned.sortedByCoord.out.bam,SRR10039786,D10A2S24,D10,PrE,PrE_D10,VE_CS5,VE_CS5A/B,VE_CS5,265
SRR10039785Aligned.sortedByCoord.out.bam,SRR10039785,D10A2S21,D10,CTB,CTB_D10,Tb_CS5,CTb_CS5A/B,Tb_CS5,266
SRR10039784Aligned.sortedByCoord.out.bam,SRR10039784,D10A2S1,D10,CTB,CTB_D10,Tb_CS5,CTb_CS5A/B,Tb_CS5,267
SRR10039782Aligned.sortedByCoord.out.bam,SRR10039782,D10A2B6,D10,STB,STB_D10,Tb_CS5,STb_CS5A/B,Tb_CS5,268
SRR10039783Aligned.sortedByCoord.out.bam,SRR10039783,D10A2S17,D10,EPI,EPI_D10,EmDisc_CS5,EmDisc_CS5A/B,EmDisc_CS5,269
SRR10039781Aligned.sortedByCoord.out.bam,SRR10039781,D10A2B4,D10,STB,STB_D10,Tb_CS5,STb_CS5A/B,Tb_CS5,270
SRR10039780Aligned.sortedByCoord.out.bam,SRR10039780,D10A2B3,D10,STB,STB_D10,Tb_CS5,STb_CS5A/B,Tb_CS5,271
SRR10039779Aligned.sortedByCoord.out.bam,SRR10039779,D10A2B2,D10,CTB,CTB_D10,Tb_CS5,CTb_CS5A/B,Tb_CS5,272
SRR10039773Aligned.sortedByCoord.out.bam,SRR10039773,D10A1S40,D10,EPI,EPI_D10,EmDisc_CS5,EmDisc_CS5A/B,EmDisc_CS5,273
SRR10039778Aligned.sortedByCoord.out.bam,SRR10039778,D10A2B1,D10,STB,STB_D10,Tb_CS5,STb_CS5A/B,Tb_CS5,274
SRR10039777Aligned.sortedByCoord.out.bam,SRR10039777,D10A1S9,D10,CTB,CTB_D10,Tb_CS5,CTb_CS5A/B,Tb_CS5,275
SRR10039775Aligned.sortedByCoord.out.bam,SRR10039775,D10A1S6,D10,EPI,EPI_D10,EmDisc_CS5,EmDisc_CS5A/B,EmDisc_CS5,276
SRR10039771Aligned.sortedByCoord.out.bam,SRR10039771,D10A1S34,D10,EPI,EPI_D10,EmDisc_CS5,EmDisc_CS5A/B,EmDisc_CS5,277
SRR10039776Aligned.sortedByCoord.out.bam,SRR10039776,D10A1S7,D10,CTB,CTB_D10,Tb_CS5,CTb_CS5A/B,Tb_CS5,278
SRR10039774Aligned.sortedByCoord.out.bam,SRR10039774,D10A1S4,D10,STB,STB_D10,Tb_CS5,STb_CS5A/B,Tb_CS5,279
SRR10039772Aligned.sortedByCoord.out.bam,SRR10039772,D10A1S3,D10,CTB,CTB_D10,Tb_CS5,CTb_CS5A/B,Tb_CS5,280
SRR10039769Aligned.sortedByCoord.out.bam,SRR10039769,D10A1S31,D10,EPI,EPI_D10,EmDisc_CS5,EmDisc_CS5A/B,EmDisc_CS5,281
SRR10039770Aligned.sortedByCoord.out.bam,SRR10039770,D10A1S32,D10,EPI,EPI_D10,EmDisc_CS5,EmDisc_CS5A/B,EmDisc_CS5,282
SRR10039767Aligned.sortedByCoord.out.bam,SRR10039767,D10A1S23,D10,EPI,EPI_D10,EmDisc_CS5,EmDisc_CS5A/B,EmDisc_CS5,283
SRR10039766Aligned.sortedByCoord.out.bam,SRR10039766,D10A1S21,D10,EPI,EPI_D10,EmDisc_CS5,EmDisc_CS5A/B,EmDisc_CS5,284
SRR10039768Aligned.sortedByCoord.out.bam,SRR10039768,D10A1S2,D10,STB,STB_D10,Tb_CS5,STb_CS5A/B,Tb_CS5,285
SRR10039763Aligned.sortedByCoord.out.bam,SRR10039763,D10A1S12,D10,CTB,CTB_D10,Tb_CS5,CTb_CS5A/B,Tb_CS5,286
SRR10039764Aligned.sortedByCoord.out.bam,SRR10039764,D10A1S13,D10,STB,STB_D10,Tb_CS5,STb_CS5A/B,Tb_CS5,287
SRR10039765Aligned.sortedByCoord.out.bam,SRR10039765,D10A1S1,D10,CTB,CTB_D10,Tb_CS5,CTb_CS5A/B,Tb_CS5,288
SRR10039762Aligned.sortedByCoord.out.bam,SRR10039762,D10A1S11,D10,CTB,CTB_D10,Tb_CS5,CTb_CS5A/B,Tb_CS5,289
SRR10039760Aligned.sortedByCoord.out.bam,SRR10039760,D10A1B8,D10,STB,STB_D10,Tb_CS5,STb_CS5A/B,Tb_CS5,290
SRR10039761Aligned.sortedByCoord.out.bam,SRR10039761,D10A1S10,D10,CTB,CTB_D10,Tb_CS5,CTb_CS5A/B,Tb_CS5,291
SRR10039754Aligned.sortedByCoord.out.bam,SRR10039754,D10A1B1,D10,STB,STB_D10,Tb_CS5,STb_CS5A/B,Tb_CS5,292
SRR10039758Aligned.sortedByCoord.out.bam,SRR10039758,D10A1B5,D10,STB,STB_D10,Tb_CS5,STb_CS5A/B,Tb_CS5,293
SRR10039759Aligned.sortedByCoord.out.bam,SRR10039759,D10A1B7,D10,STB,STB_D10,Tb_CS5,STb_CS5A/B,Tb_CS5,294
SRR10039756Aligned.sortedByCoord.out.bam,SRR10039756,D10A1B3,D10,STB,STB_D10,Tb_CS5,STb_CS5A/B,Tb_CS5,295
SRR10039757Aligned.sortedByCoord.out.bam,SRR10039757,D10A1B4,D10,STB,STB_D10,Tb_CS5,STb_CS5A/B,Tb_CS5,296
SRR10039755Aligned.sortedByCoord.out.bam,SRR10039755,D10A1B2,D10,STB,STB_D10,Tb_CS5,STb_CS5A/B,Tb_CS5,297
SRR10039753Aligned.sortedByCoord.out.bam,SRR10039753,D10A1B17,D10,CTB,CTB_D10,Tb_CS5,CTb_CS5A/B,Tb_CS5,298
SRR10039752Aligned.sortedByCoord.out.bam,SRR10039752,D10A1B11,D10,STB,STB_D10,Tb_CS5,STb_CS5A/B,Tb_CS5,299
SRR10039750Aligned.sortedByCoord.out.bam,SRR10039750,D9A5S11,D9,EPI,EPI_D9,EmDisc_CS5,EmDisc_CS5A/B,EmDisc_CS5,300
SRR10039751Aligned.sortedByCoord.out.bam,SRR10039751,D10A4S4,D10,STB,STB_D10,Tb_CS5,STb_CS5A/B,Tb_CS5,301
SRR10039749Aligned.sortedByCoord.out.bam,SRR10039749,D9A5S10,D9,CTB,CTB_D9,Tb_CS5,CTb_CS5A/B,Tb_CS5,302
SRR10039748Aligned.sortedByCoord.out.bam,SRR10039748,D9A4S5,D9,EPI,EPI_D9,EmDisc_CS5,EmDisc_CS5A/B,EmDisc_CS5,303
SRR10039747Aligned.sortedByCoord.out.bam,SRR10039747,D9A4S4,D9,ICM,ICM_D9,EmDisc_CS5,EmDisc_CS5A/B,EmDisc_CS5,304
SRR10039745Aligned.sortedByCoord.out.bam,SRR10039745,D9A4S16,D9,EPI,EPI_D9,EmDisc_CS5,EmDisc_CS5A/B,EmDisc_CS5,305
SRR10039746Aligned.sortedByCoord.out.bam,SRR10039746,D9A4S3,D9,EPI,EPI_D9,EmDisc_CS5,EmDisc_CS5A/B,EmDisc_CS5,306
SRR10039743Aligned.sortedByCoord.out.bam,SRR10039743,D9A4B1,D9,PrE,PrE_D9,VE_CS5,VE_CS5A/B,VE_CS5,307
SRR10039744Aligned.sortedByCoord.out.bam,SRR10039744,D9A4S14,D9,ICM,ICM_D9,EmDisc_CS5,EmDisc_CS5A/B,EmDisc_CS5,308
SRR10039742Aligned.sortedByCoord.out.bam,SRR10039742,D9A6S9,D9,PrE,PrE_D9,VE_CS5,VE_CS5A/B,VE_CS5,309
SRR10039741Aligned.sortedByCoord.out.bam,SRR10039741,D9A6S5,D9,CTB,CTB_D9,Tb_CS5,CTb_CS5A/B,Tb_CS5,310
SRR10039740Aligned.sortedByCoord.out.bam,SRR10039740,D9A6S15,D9,CTB,CTB_D9,Tb_CS5,CTb_CS5A/B,Tb_CS5,311
SRR10039738Aligned.sortedByCoord.out.bam,SRR10039738,D9A6S10,D9,CTB,CTB_D9,Tb_CS5,CTb_CS5A/B,Tb_CS5,312
SRR10039739Aligned.sortedByCoord.out.bam,SRR10039739,D9A6S14,D9,CTB,CTB_D9,Tb_CS5,CTb_CS5A/B,Tb_CS5,313
SRR10039737Aligned.sortedByCoord.out.bam,SRR10039737,D9A6B8,D9,CTB,CTB_D9,Tb_CS5,CTb_CS5A/B,Tb_CS5,314
SRR10039736Aligned.sortedByCoord.out.bam,SRR10039736,D9A6B6,D9,CTB,CTB_D9,Tb_CS5,CTb_CS5A/B,Tb_CS5,315
SRR10039735Aligned.sortedByCoord.out.bam,SRR10039735,D9A6B1,D9,STB,STB_D9,Tb_CS5,STb_CS5A/B,Tb_CS5,316
SRR10039733Aligned.sortedByCoord.out.bam,SRR10039733,D9A5S8,D9,CTB,CTB_D9,Tb_CS5,CTb_CS5A/B,Tb_CS5,317
SRR10039732Aligned.sortedByCoord.out.bam,SRR10039732,D9A5S6,D9,STB,STB_D9,Tb_CS5,STb_CS5A/B,Tb_CS5,318
SRR10039731Aligned.sortedByCoord.out.bam,SRR10039731,D9A5S3,D9,CTB,CTB_D9,Tb_CS5,CTb_CS5A/B,Tb_CS5,319
SRR10039734Aligned.sortedByCoord.out.bam,SRR10039734,D9A5S9,D9,EPI,EPI_D9,EmDisc_CS5,EmDisc_CS5A/B,EmDisc_CS5,320
SRR10039728Aligned.sortedByCoord.out.bam,SRR10039728,D9A4S9,D9,CTB,CTB_D9,Tb_CS5,CTb_CS5A/B,Tb_CS5,321
SRR10039729Aligned.sortedByCoord.out.bam,SRR10039729,D9A5B5,D9,CTB,CTB_D9,Tb_CS5,CTb_CS5A/B,Tb_CS5,322
SRR10039730Aligned.sortedByCoord.out.bam,SRR10039730,D9A5S12,D9,EPI,EPI_D9,EmDisc_CS5,EmDisc_CS5A/B,EmDisc_CS5,323
SRR10039726Aligned.sortedByCoord.out.bam,SRR10039726,D9A4S6,D9,CTB,CTB_D9,Tb_CS5,CTb_CS5A/B,Tb_CS5,324
SRR10039727Aligned.sortedByCoord.out.bam,SRR10039727,D9A4S7,D9,CTB,CTB_D9,Tb_CS5,CTb_CS5A/B,Tb_CS5,325
SRR10039725Aligned.sortedByCoord.out.bam,SRR10039725,D9A4S11,D9,CTB,CTB_D9,Tb_CS5,CTb_CS5A/B,Tb_CS5,326
SRR10039724Aligned.sortedByCoord.out.bam,SRR10039724,D9A4S10,D9,CTB,CTB_D9,Tb_CS5,CTb_CS5A/B,Tb_CS5,327
SRR10039722Aligned.sortedByCoord.out.bam,SRR10039722,D9A4B8,D9,CTB,CTB_D9,Tb_CS5,CTb_CS5A/B,Tb_CS5,328
SRR10039723Aligned.sortedByCoord.out.bam,SRR10039723,D9A4S1,D9,EPI,EPI_D9,EmDisc_CS5,EmDisc_CS5A/B,EmDisc_CS5,329
SRR10039721Aligned.sortedByCoord.out.bam,SRR10039721,D9A4B7,D9,CTB,CTB_D9,Tb_CS5,CTb_CS5A/B,Tb_CS5,330
SRR10039719Aligned.sortedByCoord.out.bam,SRR10039719,D9A4B2,D9,CTB,CTB_D9,Tb_CS5,CTb_CS5A/B,Tb_CS5,331
SRR10039720Aligned.sortedByCoord.out.bam,SRR10039720,D9A4B4,D9,CTB,CTB_D9,Tb_CS5,CTb_CS5A/B,Tb_CS5,332
SRR10039714Aligned.sortedByCoord.out.bam,SRR10039714,D9A3S11,D9,STB,STB_D9,Tb_CS5,STb_CS5A/B,Tb_CS5,333
SRR10039716Aligned.sortedByCoord.out.bam,SRR10039716,D9A3S15,D9,STB,STB_D9,Tb_CS5,STb_CS5A/B,Tb_CS5,334
SRR10039718Aligned.sortedByCoord.out.bam,SRR10039718,D9A3S3,D9,CTB,CTB_D9,Tb_CS5,CTb_CS5A/B,Tb_CS5,335
SRR10039715Aligned.sortedByCoord.out.bam,SRR10039715,D9A3S14,D9,EPI,EPI_D9,EmDisc_CS5,EmDisc_CS5A/B,EmDisc_CS5,336
SRR10039713Aligned.sortedByCoord.out.bam,SRR10039713,D9A3S1,D9,CTB,CTB_D9,Tb_CS5,CTb_CS5A/B,Tb_CS5,337
SRR10039712Aligned.sortedByCoord.out.bam,SRR10039712,D9A3B7,D9,CTB,CTB_D9,Tb_CS5,CTb_CS5A/B,Tb_CS5,338
SRR10039711Aligned.sortedByCoord.out.bam,SRR10039711,D9A3B4,D9,STB,STB_D9,Tb_CS5,STb_CS5A/B,Tb_CS5,339
SRR10039710Aligned.sortedByCoord.out.bam,SRR10039710,D9A3B3,D9,STB,STB_D9,Tb_CS5,STb_CS5A/B,Tb_CS5,340
SRR10039706Aligned.sortedByCoord.out.bam,SRR10039706,D9A2S4,D9,CTB,CTB_D9,Tb_CS5,CTb_CS5A/B,Tb_CS5,341
SRR10039708Aligned.sortedByCoord.out.bam,SRR10039708,D9A3B1,D9,CTB,CTB_D9,Tb_CS5,CTb_CS5A/B,Tb_CS5,342
SRR10039709Aligned.sortedByCoord.out.bam,SRR10039709,D9A3B2,D9,STB,STB_D9,Tb_CS5,STb_CS5A/B,Tb_CS5,343
SRR10039704Aligned.sortedByCoord.out.bam,SRR10039704,D9A2S2,D9,CTB,CTB_D9,Tb_CS5,CTb_CS5A/B,Tb_CS5,344
SRR10039707Aligned.sortedByCoord.out.bam,SRR10039707,D9A2S6,D9,PrE,PrE_D9,VE_CS5,VE_CS5A/B,VE_CS5,345
SRR10039705Aligned.sortedByCoord.out.bam,SRR10039705,D9A2S3,D9,CTB,CTB_D9,Tb_CS5,CTb_CS5A/B,Tb_CS5,346
SRR10039703Aligned.sortedByCoord.out.bam,SRR10039703,D9A2S1,D9,CTB,CTB_D9,Tb_CS5,CTb_CS5A/B,Tb_CS5,347
SRR10039702Aligned.sortedByCoord.out.bam,SRR10039702,D9A2B8,D9,CTB,CTB_D9,Tb_CS5,CTb_CS5A/B,Tb_CS5,348
SRR10039701Aligned.sortedByCoord.out.bam,SRR10039701,D9A2B5,D9,CTB,CTB_D9,Tb_CS5,CTb_CS5A/B,Tb_CS5,349
SRR10039700Aligned.sortedByCoord.out.bam,SRR10039700,D9A2B3,D9,CTB,CTB_D9,Tb_CS5,CTb_CS5A/B,Tb_CS5,350
SRR10039699Aligned.sortedByCoord.out.bam,SRR10039699,D9A2B2,D9,STB,STB_D9,Tb_CS5,STb_CS5A/B,Tb_CS5,351
SRR10039698Aligned.sortedByCoord.out.bam,SRR10039698,D9A2B1,D9,STB,STB_D9,Tb_CS5,STb_CS5A/B,Tb_CS5,352
SRR10039697Aligned.sortedByCoord.out.bam,SRR10039697,D9A1S8,D9,CTB,CTB_D9,Tb_CS5,CTb_CS5A/B,Tb_CS5,353
SRR10039696Aligned.sortedByCoord.out.bam,SRR10039696,D9A1S7,D9,CTB,CTB_D9,Tb_CS5,CTb_CS5A/B,Tb_CS5,354
SRR10039695Aligned.sortedByCoord.out.bam,SRR10039695,D9A1S3,D9,CTB,CTB_D9,Tb_CS5,CTb_CS5A/B,Tb_CS5,355
SRR10039694Aligned.sortedByCoord.out.bam,SRR10039694,D9A1S28,D9,EPI,EPI_D9,EmDisc_CS5,EmDisc_CS5A/B,EmDisc_CS5,356
SRR10039692Aligned.sortedByCoord.out.bam,SRR10039692,D9A1S23,D9,CTB,CTB_D9,Tb_CS5,CTb_CS5A/B,Tb_CS5,357
SRR10039691Aligned.sortedByCoord.out.bam,SRR10039691,D9A1S2,D9,CTB,CTB_D9,Tb_CS5,CTb_CS5A/B,Tb_CS5,358
SRR10039693Aligned.sortedByCoord.out.bam,SRR10039693,D9A1S26,D9,CTB,CTB_D9,Tb_CS5,CTb_CS5A/B,Tb_CS5,359
SRR10039690Aligned.sortedByCoord.out.bam,SRR10039690,D9A1S10,D9,EPI,EPI_D9,EmDisc_CS5,EmDisc_CS5A/B,EmDisc_CS5,360
SRR10039688Aligned.sortedByCoord.out.bam,SRR10039688,D9A1B4,D9,STB,STB_D9,Tb_CS5,STb_CS5A/B,Tb_CS5,361
SRR10039689Aligned.sortedByCoord.out.bam,SRR10039689,D9A1S1,D9,STB,STB_D9,Tb_CS5,STb_CS5A/B,Tb_CS5,362
SRR10039687Aligned.sortedByCoord.out.bam,SRR10039687,D9A1B3,D9,CTB,CTB_D9,Tb_CS5,CTb_CS5A/B,Tb_CS5,363
SRR10039685Aligned.sortedByCoord.out.bam,SRR10039685,D9A1B16,D9,CTB,CTB_D9,Tb_CS5,CTb_CS5A/B,Tb_CS5,364
SRR10039686Aligned.sortedByCoord.out.bam,SRR10039686,D9A1B2,D9,STB,STB_D9,Tb_CS5,STb_CS5A/B,Tb_CS5,365
SRR10039684Aligned.sortedByCoord.out.bam,SRR10039684,D9A1B15,D9,STB,STB_D9,Tb_CS5,STb_CS5A/B,Tb_CS5,366
SRR10039683Aligned.sortedByCoord.out.bam,SRR10039683,D9A1B1,D9,CTB,CTB_D9,Tb_CS5,CTb_CS5A/B,Tb_CS5,367
SRR10039682Aligned.sortedByCoord.out.bam,SRR10039682,D8A6S7,D8,EPI,EPI_D8,EmDisc_CS5,EmDisc_CS5A/B,EmDisc_CS5,368
SRR10039681Aligned.sortedByCoord.out.bam,SRR10039681,D8A6S5,D8,CTB,CTB_D8,Tb_CS5,CTb_CS5A/B,Tb_CS5,369
SRR10039680Aligned.sortedByCoord.out.bam,SRR10039680,D8A6S15,D8,CTB,CTB_D8,Tb_CS5,CTb_CS5A/B,Tb_CS5,370
SRR10039679Aligned.sortedByCoord.out.bam,SRR10039679,D8A6B6,D8,CTB,CTB_D8,Tb_CS5,CTb_CS5A/B,Tb_CS5,371
SRR10039678Aligned.sortedByCoord.out.bam,SRR10039678,D8A6B3,D8,CTB,CTB_D8,Tb_CS5,CTb_CS5A/B,Tb_CS5,372
SRR10039677Aligned.sortedByCoord.out.bam,SRR10039677,D8A6B1,D8,CTB,CTB_D8,Tb_CS5,CTb_CS5A/B,Tb_CS5,373
SRR10039676Aligned.sortedByCoord.out.bam,SRR10039676,D8A5S4,D8,CTB,CTB_D8,Tb_CS5,CTb_CS5A/B,Tb_CS5,374
SRR10039675Aligned.sortedByCoord.out.bam,SRR10039675,D8A5S1,D8,CTB,CTB_D8,Tb_CS5,CTb_CS5A/B,Tb_CS5,375
SRR10039674Aligned.sortedByCoord.out.bam,SRR10039674,D8A5S14,D8,CTB,CTB_D8,Tb_CS5,CTb_CS5A/B,Tb_CS5,376
SRR10039673Aligned.sortedByCoord.out.bam,SRR10039673,D8A5B8,D8,CTB,CTB_D8,Tb_CS5,CTb_CS5A/B,Tb_CS5,377
SRR10039672Aligned.sortedByCoord.out.bam,SRR10039672,D8A5B7,D8,CTB,CTB_D8,Tb_CS5,CTb_CS5A/B,Tb_CS5,378
SRR10039671Aligned.sortedByCoord.out.bam,SRR10039671,D8A3S8,D8,STB,STB_D8,Tb_CS5,STb_CS5A/B,Tb_CS5,379
SRR10039670Aligned.sortedByCoord.out.bam,SRR10039670,D8A3S7,D8,CTB,CTB_D8,Tb_CS5,CTb_CS5A/B,Tb_CS5,380
SRR10039669Aligned.sortedByCoord.out.bam,SRR10039669,D8A3S5,D8,STB,STB_D8,Tb_CS5,STb_CS5A/B,Tb_CS5,381
SRR10039668Aligned.sortedByCoord.out.bam,SRR10039668,D8A3S2,D8,CTB,CTB_D8,Tb_CS5,CTb_CS5A/B,Tb_CS5,382
SRR10039667Aligned.sortedByCoord.out.bam,SRR10039667,D8A3S28,D8,STB,STB_D8,Tb_CS5,STb_CS5A/B,Tb_CS5,383
SRR10039666Aligned.sortedByCoord.out.bam,SRR10039666,D8A3S1,D8,STB,STB_D8,Tb_CS5,STb_CS5A/B,Tb_CS5,384
SRR10039665Aligned.sortedByCoord.out.bam,SRR10039665,D8A3S13,D8,STB,STB_D8,Tb_CS5,STb_CS5A/B,Tb_CS5,385
SRR10039664Aligned.sortedByCoord.out.bam,SRR10039664,D8A3S12,D8,CTB,CTB_D8,Tb_CS5,CTb_CS5A/B,Tb_CS5,386
SRR10039663Aligned.sortedByCoord.out.bam,SRR10039663,D8A3B4,D8,STB,STB_D8,Tb_CS5,STb_CS5A/B,Tb_CS5,387
SRR10039662Aligned.sortedByCoord.out.bam,SRR10039662,D8A3B1,D8,STB,STB_D8,Tb_CS5,STb_CS5A/B,Tb_CS5,388
SRR10039661Aligned.sortedByCoord.out.bam,SRR10039661,D8A3B11,D8,PrE,PrE_D8,VE_CS5,VE_CS5,VE_CS5,389
SRR10039660Aligned.sortedByCoord.out.bam,SRR10039660,D8A3B10,D8,STB,STB_D8,Tb_CS5,STb_CS5A/B,Tb_CS5,390
SRR10039659Aligned.sortedByCoord.out.bam,SRR10039659,D8A2S4,D8,CTB,CTB_D8,Tb_CS5,CTb_CS5A/B,Tb_CS5,391
SRR10039658Aligned.sortedByCoord.out.bam,SRR10039658,D8A2S3,D8,CTB,CTB_D8,Tb_CS5,CTb_CS5A/B,Tb_CS5,392
SRR10039657Aligned.sortedByCoord.out.bam,SRR10039657,D8A2S2,D8,EPI,EPI_D8,EmDisc_CS5,EmDisc_CS5A/B,EmDisc_CS5,393
SRR10039656Aligned.sortedByCoord.out.bam,SRR10039656,D8A2S29,D8,EPI,EPI_D8,EmDisc_CS5,EmDisc_CS5A/B,EmDisc_CS5,394
SRR10039655Aligned.sortedByCoord.out.bam,SRR10039655,D8A2S24,D8,CTB,CTB_D8,Tb_CS5,CTb_CS5A/B,Tb_CS5,395
SRR10039654Aligned.sortedByCoord.out.bam,SRR10039654,D8A2S1,D8,STB,STB_D8,Tb_CS5,STb_CS5A/B,Tb_CS5,396
SRR10039653Aligned.sortedByCoord.out.bam,SRR10039653,D8A2S15,D8,EPI,EPI_D8,EmDisc_CS5,EmDisc_CS5A/B,EmDisc_CS5,397
SRR10039652Aligned.sortedByCoord.out.bam,SRR10039652,D8A2S12,D8,CTB,CTB_D8,Tb_CS5,CTb_CS5A/B,Tb_CS5,398
SRR10039651Aligned.sortedByCoord.out.bam,SRR10039651,D8A2S10,D8,EPI,EPI_D8,EmDisc_CS5,EmDisc_CS5A/B,EmDisc_CS5,399
SRR10039650Aligned.sortedByCoord.out.bam,SRR10039650,D8A2B5,D8,STB,STB_D8,Tb_CS5,STb_CS5A/B,Tb_CS5,400
SRR10039648Aligned.sortedByCoord.out.bam,SRR10039648,D8A2B1,D8,STB,STB_D8,Tb_CS5,STb_CS5A/B,Tb_CS5,401
SRR10039649Aligned.sortedByCoord.out.bam,SRR10039649,D8A2B2,D8,CTB,CTB_D8,Tb_CS5,CTb_CS5A/B,Tb_CS5,402
SRR10039647Aligned.sortedByCoord.out.bam,SRR10039647,D8A1S8,D8,EPI,EPI_D8,EmDisc_CS5,EmDisc_CS5A/B,EmDisc_CS5,403
SRR10039646Aligned.sortedByCoord.out.bam,SRR10039646,D8A1S7,D8,CTB,CTB_D8,Tb_CS5,CTb_CS5A/B,Tb_CS5,404
SRR10039645Aligned.sortedByCoord.out.bam,SRR10039645,D8A1S3,D8,CTB,CTB_D8,Tb_CS5,CTb_CS5A/B,Tb_CS5,405
SRR10039644Aligned.sortedByCoord.out.bam,SRR10039644,D8A1S31,D8,EPI,EPI_D8,EmDisc_CS5,EmDisc_CS5A/B,EmDisc_CS5,406
SRR10039643Aligned.sortedByCoord.out.bam,SRR10039643,D8A1S24,D8,EPI,EPI_D8,EmDisc_CS5,EmDisc_CS5A/B,EmDisc_CS5,407
SRR10039642Aligned.sortedByCoord.out.bam,SRR10039642,D8A1S1,D8,CTB,CTB_D8,Tb_CS5,CTb_CS5A/B,Tb_CS5,408
SRR10039641Aligned.sortedByCoord.out.bam,SRR10039641,D8A1S11,D8,EPI,EPI_D8,EmDisc_CS5,EmDisc_CS5A/B,EmDisc_CS5,409
SRR10039640Aligned.sortedByCoord.out.bam,SRR10039640,D8A1B6,D8,CTB,CTB_D8,Tb_CS5,CTb_CS5A/B,Tb_CS5,410
SRR10039639Aligned.sortedByCoord.out.bam,SRR10039639,D8A1B4,D8,STB,STB_D8,Tb_CS5,STb_CS5A/B,Tb_CS5,411
SRR10039637Aligned.sortedByCoord.out.bam,SRR10039637,D8A1B2,D8,CTB,CTB_D8,Tb_CS5,CTb_CS5A/B,Tb_CS5,412
SRR10039638Aligned.sortedByCoord.out.bam,SRR10039638,D8A1B3,D8,CTB,CTB_D8,Tb_CS5,CTb_CS5A/B,Tb_CS5,413
SRR10039635Aligned.sortedByCoord.out.bam,SRR10039635,D8_8S8,D8,CTB,CTB_D8,Tb_CS5,CTb_CS5A/B,Tb_CS5,414
SRR10039636Aligned.sortedByCoord.out.bam,SRR10039636,D8A1B10,D8,STB,STB_D8,Tb_CS5,STb_CS5A/B,Tb_CS5,415
SRR10039634Aligned.sortedByCoord.out.bam,SRR10039634,D8_8S7,D8,CTB,CTB_D8,Tb_CS5,CTb_CS5A/B,Tb_CS5,416
SRR10039633Aligned.sortedByCoord.out.bam,SRR10039633,D8_8S6,D8,CTB,CTB_D8,Tb_CS5,CTb_CS5A/B,Tb_CS5,417
SRR10039632Aligned.sortedByCoord.out.bam,SRR10039632,D8_8S5,D8,CTB,CTB_D8,Tb_CS5,CTb_CS5A/B,Tb_CS5,418
SRR10039631Aligned.sortedByCoord.out.bam,SRR10039631,D8_8S4,D8,CTB,CTB_D8,Tb_CS5,CTb_CS5A/B,Tb_CS5,419
SRR10039630Aligned.sortedByCoord.out.bam,SRR10039630,D8_8S3,D8,CTB,CTB_D8,Tb_CS5,CTb_CS5A/B,Tb_CS5,420
SRR10039629Aligned.sortedByCoord.out.bam,SRR10039629,D8_8S2,D8,EPI,EPI_D8,EmDisc_CS5,EmDisc_CS5A/B,EmDisc_CS5,421
SRR10039627Aligned.sortedByCoord.out.bam,SRR10039627,D8_8B4,D8,CTB,CTB_D8,Tb_CS5,CTb_CS5A/B,Tb_CS5,422
SRR10039626Aligned.sortedByCoord.out.bam,SRR10039626,D8_8B3,D8,PrE,PrE_D8,VE_CS5,VE_CS5,VE_CS5,423
SRR10039628Aligned.sortedByCoord.out.bam,SRR10039628,D8_8S1,D8,CTB,CTB_D8,Tb_CS5,CTb_CS5A/B,Tb_CS5,424
SRR10039625Aligned.sortedByCoord.out.bam,SRR10039625,D8_8B2,D8,CTB,CTB_D8,Tb_CS5,CTb_CS5A/B,Tb_CS5,425
SRR10039624Aligned.sortedByCoord.out.bam,SRR10039624,D8_8B1,D8,EPI,EPI_D8,EmDisc_CS5,EmDisc_CS5A/B,EmDisc_CS5,426
SRR10039622Aligned.sortedByCoord.out.bam,SRR10039622,D7N1S27,D7,EPI,EPI_D7,EPI_CS4,EPI_CS4,Epi_CS4,427
SRR10039623Aligned.sortedByCoord.out.bam,SRR10039623,D7N1S30,D7,EPI,EPI_D7,EPI_CS4,EPI_CS4,Epi_CS4,428
SRR10039621Aligned.sortedByCoord.out.bam,SRR10039621,D7N1S24,D7,EPI,EPI_D7,EPI_CS4,EPI_CS4,Epi_CS4,429
SRR10039620Aligned.sortedByCoord.out.bam,SRR10039620,D7N1S21,D7,EPI,EPI_D7,EPI_CS4,EPI_CS4,Epi_CS4,430
SRR10039619Aligned.sortedByCoord.out.bam,SRR10039619,D7N1S19,D7,EPI,EPI_D7,EPI_CS4,EPI_CS4,Epi_CS4,431
SRR10039618Aligned.sortedByCoord.out.bam,SRR10039618,D7N1S18,D7,ICM,ICM_D7,EPI_CS4,EPI_CS4,Epi_CS4,432
SRR10039617Aligned.sortedByCoord.out.bam,SRR10039617,D7N1S15,D7,EPI,EPI_D7,EPI_CS4,EPI_CS4,Epi_CS4,433
SRR10039616Aligned.sortedByCoord.out.bam,SRR10039616,D7N1B9,D7,EPI,EPI_D7,EPI_CS4,EPI_CS4,Epi_CS4,434
SRR10039615Aligned.sortedByCoord.out.bam,SRR10039615,D7N1B7,D7,EPI,EPI_D7,EPI_CS4,EPI_CS4,Epi_CS4,435
SRR10039614Aligned.sortedByCoord.out.bam,SRR10039614,D7N1B5,D7,ICM,ICM_D7,EPI_CS4,EPI_CS4,Epi_CS4,436
SRR10039613Aligned.sortedByCoord.out.bam,SRR10039613,D7N1S9,D7,EPI,EPI_D7,EPI_CS4,EPI_CS4,Epi_CS4,437
SRR10039612Aligned.sortedByCoord.out.bam,SRR10039612,D7N1S7,D7,EPI,EPI_D7,EPI_CS4,EPI_CS4,Epi_CS4,438
SRR10039611Aligned.sortedByCoord.out.bam,SRR10039611,D7N1B1,D7,EPI,EPI_D7,EPI_CS4,EPI_CS4,Epi_CS4,439
SRR10039610Aligned.sortedByCoord.out.bam,SRR10039610,D7A4S7,D7,PrE,PrE_D7,VE_CS4,VE_CS4,VE_CS4,440
SRR10039609Aligned.sortedByCoord.out.bam,SRR10039609,D7A4S2,D7,PrE,PrE_D7,VE_CS4,VE_CS4,VE_CS4,441
SRR10039608Aligned.sortedByCoord.out.bam,SRR10039608,D7A4S1,D7,CTB,CTB_D7,Tb_CS4,CTb_CS4,Tb_CS4,442
SRR10039607Aligned.sortedByCoord.out.bam,SRR10039607,D7A4S15,D7,CTB,CTB_D7,Tb_CS4,CTb_CS4,Tb_CS4,443
SRR10039606Aligned.sortedByCoord.out.bam,SRR10039606,D7A4S14,D7,CTB,CTB_D7,Tb_CS4,CTb_CS4,Tb_CS4,444
SRR10039605Aligned.sortedByCoord.out.bam,SRR10039605,D7A4S13,D7,CTB,CTB_D7,Tb_CS4,CTb_CS4,Tb_CS4,445
SRR10039604Aligned.sortedByCoord.out.bam,SRR10039604,D7A4S12,D7,PrE,PrE_D7,VE_CS4,VE_CS4,VE_CS4,446
SRR10039603Aligned.sortedByCoord.out.bam,SRR10039603,D7A4B8,D7,CTB,CTB_D7,Tb_CS4,CTb_CS4,Tb_CS4,447
SRR10039602Aligned.sortedByCoord.out.bam,SRR10039602,D7A4B6,D7,CTB,CTB_D7,Tb_CS4,CTb_CS4,Tb_CS4,448
SRR10039601Aligned.sortedByCoord.out.bam,SRR10039601,D7A4B5,D7,CTB,CTB_D7,Tb_CS4,CTb_CS4,Tb_CS4,449
SRR10039600Aligned.sortedByCoord.out.bam,SRR10039600,D7A4B3,D7,CTB,CTB_D7,Tb_CS4,CTb_CS4,Tb_CS4,450
SRR10039599Aligned.sortedByCoord.out.bam,SRR10039599,D7A4B2,D7,PrE,PrE_D7,VE_CS4,VE_CS4,VE_CS4,451
SRR10039598Aligned.sortedByCoord.out.bam,SRR10039598,D7A3S8,D7,EPI,EPI_D7,EPI_CS4,EPI_CS4,Epi_CS4,452
SRR10039597Aligned.sortedByCoord.out.bam,SRR10039597,D7A3S5,D7,CTB,CTB_D7,Tb_CS4,CTb_CS4,Tb_CS4,453
SRR10039596Aligned.sortedByCoord.out.bam,SRR10039596,D7A3S4,D7,CTB,CTB_D7,Tb_CS4,CTb_CS4,Tb_CS4,454
SRR10039595Aligned.sortedByCoord.out.bam,SRR10039595,D7A3S3,D7,CTB,CTB_D7,Tb_CS4,CTb_CS4,Tb_CS4,455
SRR10039594Aligned.sortedByCoord.out.bam,SRR10039594,D7A3S1,D7,CTB,CTB_D7,Tb_CS4,CTb_CS4,Tb_CS4,456
SRR10039593Aligned.sortedByCoord.out.bam,SRR10039593,D7A3S14,D7,CTB,CTB_D7,Tb_CS4,CTb_CS4,Tb_CS4,457
SRR10039592Aligned.sortedByCoord.out.bam,SRR10039592,D7A3S12,D7,CTB,CTB_D7,Tb_CS4,CTb_CS4,Tb_CS4,458
SRR10039591Aligned.sortedByCoord.out.bam,SRR10039591,D7A3S10,D7,CTB,CTB_D7,Tb_CS4,CTb_CS4,Tb_CS4,459
SRR10039590Aligned.sortedByCoord.out.bam,SRR10039590,D7A3B8,D7,EPI,EPI_D7,EPI_CS4,EPI_CS4,Epi_CS4,460
SRR10039589Aligned.sortedByCoord.out.bam,SRR10039589,D7A3B3,D7,CTB,CTB_D7,Tb_CS4,CTb_CS4,Tb_CS4,461
SRR10039588Aligned.sortedByCoord.out.bam,SRR10039588,D7A3B1,D7,CTB,CTB_D7,Tb_CS4,CTb_CS4,Tb_CS4,462
SRR10039587Aligned.sortedByCoord.out.bam,SRR10039587,D7A3B10,D7,CTB,CTB_D7,Tb_CS4,CTb_CS4,Tb_CS4,463
SRR10039586Aligned.sortedByCoord.out.bam,SRR10039586,D7A2S6,D7,CTB,CTB_D7,Tb_CS4,CTb_CS4,Tb_CS4,464
SRR10039585Aligned.sortedByCoord.out.bam,SRR10039585,D7A2S3,D7,ICM,ICM_D7,EPI_CS4,EPI_CS4,Epi_CS4,465
SRR10039584Aligned.sortedByCoord.out.bam,SRR10039584,D7A2S2,D7,ICM,ICM_D7,EPI_CS4,EPI_CS4,Epi_CS4,466
SRR10039583Aligned.sortedByCoord.out.bam,SRR10039583,D7A2S1,D7,ICM,ICM_D7,EPI_CS4,EPI_CS4,Epi_CS4,467
SRR10039582Aligned.sortedByCoord.out.bam,SRR10039582,D7A2S16,D7,CTB,CTB_D7,Tb_CS4,CTb_CS4,Tb_CS4,468
SRR10039581Aligned.sortedByCoord.out.bam,SRR10039581,D7A2S14,D7,ICM,ICM_D7,EPI_CS4,EPI_CS4,Epi_CS4,469
SRR10039580Aligned.sortedByCoord.out.bam,SRR10039580,D7A2S10,D7,CTB,CTB_D7,Tb_CS4,CTb_CS4,Tb_CS4,470
SRR10039579Aligned.sortedByCoord.out.bam,SRR10039579,D7A2B8,D7,CTB,CTB_D7,Tb_CS4,CTb_CS4,Tb_CS4,471
SRR10039578Aligned.sortedByCoord.out.bam,SRR10039578,D7A2B6,D7,CTB,CTB_D7,Tb_CS4,CTb_CS4,Tb_CS4,472
SRR10039577Aligned.sortedByCoord.out.bam,SRR10039577,D7A2B5,D7,ICM,ICM_D7,EPI_CS4,EPI_CS4,Epi_CS4,473
SRR10039576Aligned.sortedByCoord.out.bam,SRR10039576,D7A2B4,D7,ICM,ICM_D7,EPI_CS4,EPI_CS4,Epi_CS4,474
SRR10039575Aligned.sortedByCoord.out.bam,SRR10039575,D7A2B1,D7,ICM,ICM_D7,EPI_CS4,EPI_CS4,Epi_CS4,475
SRR10039574Aligned.sortedByCoord.out.bam,SRR10039574,D7A1S9,D7,CTB,CTB_D7,Tb_CS4,CTb_CS4,Tb_CS4,476
SRR10039573Aligned.sortedByCoord.out.bam,SRR10039573,D7A1S8,D7,PrE,PrE_D7,VE_CS4,VE_CS4,VE_CS4,477
SRR10039572Aligned.sortedByCoord.out.bam,SRR10039572,D7A1S7,D7,CTB,CTB_D7,Tb_CS4,CTb_CS4,Tb_CS4,478
SRR10039571Aligned.sortedByCoord.out.bam,SRR10039571,D7A1S6,D7,ICM,ICM_D7,EPI_CS4,EPI_CS4,Epi_CS4,479
SRR10039570Aligned.sortedByCoord.out.bam,SRR10039570,D7A1S5,D7,ICM,ICM_D7,EPI_CS4,EPI_CS4,Epi_CS4,480
SRR10039569Aligned.sortedByCoord.out.bam,SRR10039569,D7A1S1,D7,ICM,ICM_D7,EPI_CS4,EPI_CS4,Epi_CS4,481
SRR10039568Aligned.sortedByCoord.out.bam,SRR10039568,D7A1S16,D7,EPI,EPI_D7,EPI_CS4,EPI_CS4,Epi_CS4,482
SRR10039567Aligned.sortedByCoord.out.bam,SRR10039567,D7A1S15,D7,ICM,ICM_D7,EPI_CS4,EPI_CS4,Epi_CS4,483
SRR10039566Aligned.sortedByCoord.out.bam,SRR10039566,D7A1S14,D7,ICM,ICM_D7,EPI_CS4,EPI_CS4,Epi_CS4,484
SRR10039565Aligned.sortedByCoord.out.bam,SRR10039565,D7A1S13,D7,EPI,EPI_D7,EPI_CS4,EPI_CS4,Epi_CS4,485
SRR10039564Aligned.sortedByCoord.out.bam,SRR10039564,D7A1S11,D7,CTB,CTB_D7,Tb_CS4,CTb_CS4,Tb_CS4,486
SRR10039563Aligned.sortedByCoord.out.bam,SRR10039563,D7A1B8,D7,ICM,ICM_D7,EPI_CS4,EPI_CS4,Epi_CS4,487
SRR10039562Aligned.sortedByCoord.out.bam,SRR10039562,D7A1B7,D7,ICM,ICM_D7,EPI_CS4,EPI_CS4,Epi_CS4,488
SRR10039561Aligned.sortedByCoord.out.bam,SRR10039561,D7A1B5,D7,CTB,CTB_D7,Tb_CS4,CTb_CS4,Tb_CS4,489
SRR10039560Aligned.sortedByCoord.out.bam,SRR10039560,D7A1B3,D7,ICM,ICM_D7,EPI_CS4,EPI_CS4,Epi_CS4,490
SRR10039559Aligned.sortedByCoord.out.bam,SRR10039559,D7A1B1,D7,ICM,ICM_D7,EPI_CS4,EPI_CS4,Epi_CS4,491
SRR10039558Aligned.sortedByCoord.out.bam,SRR10039558,D6N3S51,D6,EPI,EPI_D6,EPI_CS3,EPI_CS3,Epi_CS3,492
SRR10039557Aligned.sortedByCoord.out.bam,SRR10039557,D6N3S40,D6,EPI,EPI_D6,EPI_CS3,EPI_CS3,Epi_CS3,493
SRR10039556Aligned.sortedByCoord.out.bam,SRR10039556,D6N3S35,D6,EPI,EPI_D6,EPI_CS3,EPI_CS3,Epi_CS3,494
SRR10039555Aligned.sortedByCoord.out.bam,SRR10039555,D6N3S28,D6,EPI,EPI_D6,EPI_CS3,EPI_CS3,Epi_CS3,495
SRR10039554Aligned.sortedByCoord.out.bam,SRR10039554,D6N3S2,D6,EPI,EPI_D6,EPI_CS3,EPI_CS3,Epi_CS3,496
SRR10039553Aligned.sortedByCoord.out.bam,SRR10039553,D6N3S22,D6,EPI,EPI_D6,EPI_CS3,EPI_CS3,Epi_CS3,497
SRR10039552Aligned.sortedByCoord.out.bam,SRR10039552,D6N3S11,D6,EPI,EPI_D6,EPI_CS3,EPI_CS3,Epi_CS3,498
SRR10039551Aligned.sortedByCoord.out.bam,SRR10039551,D6N3B7,D6,EPI,EPI_D6,EPI_CS3,EPI_CS3,Epi_CS3,499
SRR10039550Aligned.sortedByCoord.out.bam,SRR10039550,D6N3B12,D6,EPI,EPI_D6,EPI_CS3,EPI_CS3,Epi_CS3,500
SRR10039549Aligned.sortedByCoord.out.bam,SRR10039549,D6N2S35,D6,EPI,EPI_D6,EPI_CS3,EPI_CS3,Epi_CS3,501
SRR10039548Aligned.sortedByCoord.out.bam,SRR10039548,D6N2S2,D6,EPI,EPI_D6,EPI_CS3,EPI_CS3,Epi_CS3,502
SRR10039547Aligned.sortedByCoord.out.bam,SRR10039547,D6N2S11,D6,EPI,EPI_D6,EPI_CS3,EPI_CS3,Epi_CS3,503
SRR10039546Aligned.sortedByCoord.out.bam,SRR10039546,D6N2B8,D6,EPI,EPI_D6,EPI_CS3,EPI_CS3,Epi_CS3,504
SRR10039545Aligned.sortedByCoord.out.bam,SRR10039545,D6N2B7,D6,ICM,ICM_D6,ICM_CS3,ICM_CS3,ICM_CS3,505
SRR10039544Aligned.sortedByCoord.out.bam,SRR10039544,D6N2B28,D6,ICM,ICM_D6,ICM_CS3,ICM_CS3,ICM_CS3,506
SRR10039543Aligned.sortedByCoord.out.bam,SRR10039543,D6N2B2,D6,EPI,EPI_D6,EPI_CS3,EPI_CS3,Epi_CS3,507
SRR10039542Aligned.sortedByCoord.out.bam,SRR10039542,D6N2B18,D6,EPI,EPI_D6,EPI_CS3,EPI_CS3,Epi_CS3,508
SRR10039541Aligned.sortedByCoord.out.bam,SRR10039541,D6N2B1,D6,EPI,EPI_D6,EPI_CS3,EPI_CS3,Epi_CS3,509
SRR10039540Aligned.sortedByCoord.out.bam,SRR10039540,D6N2B12,D6,ICM,ICM_D6,ICM_CS3,ICM_CS3,ICM_CS3,510
SRR10039539Aligned.sortedByCoord.out.bam,SRR10039539,D6N2B11,D6,ICM,ICM_D6,ICM_CS3,ICM_CS3,ICM_CS3,511
SRR10039538Aligned.sortedByCoord.out.bam,SRR10039538,D6N1S9,D6,EPI,EPI_D6,EPI_CS3,EPI_CS3,Epi_CS3,512
SRR10039537Aligned.sortedByCoord.out.bam,SRR10039537,D6N1S4,D6,EPI,EPI_D6,EPI_CS3,EPI_CS3,Epi_CS3,513
SRR10039536Aligned.sortedByCoord.out.bam,SRR10039536,D6N1S42,D6,EPI,EPI_D6,EPI_CS3,EPI_CS3,Epi_CS3,514
SRR10039535Aligned.sortedByCoord.out.bam,SRR10039535,D6N1S39,D6,PrE,PrE_D6,HYP_CS3,HYP_CS3,Hyp_CS3,515
SRR10039534Aligned.sortedByCoord.out.bam,SRR10039534,D6N1S3,D6,EPI,EPI_D6,EPI_CS3,EPI_CS3,Epi_CS3,516
SRR10039533Aligned.sortedByCoord.out.bam,SRR10039533,D6N1S35,D6,ICM,ICM_D6,ICM_CS3,ICM_CS3,ICM_CS3,517
SRR10039532Aligned.sortedByCoord.out.bam,SRR10039532,D6N1S34,D6,EPI,EPI_D6,EPI_CS3,EPI_CS3,Epi_CS3,518
SRR10039531Aligned.sortedByCoord.out.bam,SRR10039531,D6N1S33,D6,EPI,EPI_D6,EPI_CS3,EPI_CS3,Epi_CS3,519
SRR10039530Aligned.sortedByCoord.out.bam,SRR10039530,D6N1S19,D6,ICM,ICM_D6,ICM_CS3,ICM_CS3,ICM_CS3,520
SRR10039529Aligned.sortedByCoord.out.bam,SRR10039529,D6N1S1,D6,EPI,EPI_D6,EPI_CS3,EPI_CS3,Epi_CS3,521
SRR10039528Aligned.sortedByCoord.out.bam,SRR10039528,D6N1S15,D6,EPI,EPI_D6,EPI_CS3,EPI_CS3,Epi_CS3,522
SRR10039527Aligned.sortedByCoord.out.bam,SRR10039527,D6N1B6,D6,ICM,ICM_D6,ICM_CS3,ICM_CS3,ICM_CS3,523
SRR10039526Aligned.sortedByCoord.out.bam,SRR10039526,D6N1B23,D6,ICM,ICM_D6,ICM_CS3,ICM_CS3,ICM_CS3,524
SRR10039525Aligned.sortedByCoord.out.bam,SRR10039525,D6A5B4,D6,ICM,ICM_D6,ICM_CS3,ICM_CS3,ICM_CS3,525
SRR10039524Aligned.sortedByCoord.out.bam,SRR10039524,D6A5B3,D6,ICM,ICM_D6,ICM_CS3,ICM_CS3,ICM_CS3,526
SRR10039523Aligned.sortedByCoord.out.bam,SRR10039523,D6A5S8,D6,EPI,EPI_D6,EPI_CS3,EPI_CS3,Epi_CS3,527
SRR10039522Aligned.sortedByCoord.out.bam,SRR10039522,D6A5S7,D6,ICM,ICM_D6,ICM_CS3,ICM_CS3,ICM_CS3,528
SRR10039521Aligned.sortedByCoord.out.bam,SRR10039521,D6A5S1,D6,ICM,ICM_D6,ICM_CS3,ICM_CS3,ICM_CS3,529
SRR10039520Aligned.sortedByCoord.out.bam,SRR10039520,D6A4B4,D6,ICM,ICM_D6,ICM_CS3,ICM_CS3,ICM_CS3,530
SRR10039519Aligned.sortedByCoord.out.bam,SRR10039519,D6A4B3,D6,ICM,ICM_D6,ICM_CS3,ICM_CS3,ICM_CS3,531
SRR10039517Aligned.sortedByCoord.out.bam,SRR10039517,D6A4S6,D6,ICM,ICM_D6,ICM_CS3,ICM_CS3,ICM_CS3,532
SRR10039516Aligned.sortedByCoord.out.bam,SRR10039516,D6A4S5,D6,ICM,ICM_D6,ICM_CS3,ICM_CS3,ICM_CS3,533
SRR10039515Aligned.sortedByCoord.out.bam,SRR10039515,D6A4S4,D6,ICM,ICM_D6,ICM_CS3,ICM_CS3,ICM_CS3,534
SRR10039514Aligned.sortedByCoord.out.bam,SRR10039514,D6A3B2,D6,ICM,ICM_D6,ICM_CS3,ICM_CS3,ICM_CS3,535
SRR10039513Aligned.sortedByCoord.out.bam,SRR10039513,D6A3B1,D6,ICM,ICM_D6,ICM_CS3,ICM_CS3,ICM_CS3,536
SRR10039512Aligned.sortedByCoord.out.bam,SRR10039512,D6A3S5,D6,ICM,ICM_D6,ICM_CS3,ICM_CS3,ICM_CS3,537
SRR10039511Aligned.sortedByCoord.out.bam,SRR10039511,D6A3S4,D6,EPI,EPI_D6,EPI_CS3,EPI_CS3,Epi_CS3,538
SRR10039510Aligned.sortedByCoord.out.bam,SRR10039510,D6A3S3,D6,PrE,PrE_D6,HYP_CS3,HYP_CS3,Hyp_CS3,539
SRR10039509Aligned.sortedByCoord.out.bam,SRR10039509,D6A3S1,D6,ICM,ICM_D6,ICM_CS3,ICM_CS3,ICM_CS3,540
SRR10039508Aligned.sortedByCoord.out.bam,SRR10039508,D6A2B4,D6,ICM,ICM_D6,ICM_CS3,ICM_CS3,ICM_CS3,541
SRR10039506Aligned.sortedByCoord.out.bam,SRR10039506,D6A2B1,D6,ICM,ICM_D6,ICM_CS3,ICM_CS3,ICM_CS3,542
SRR10039505Aligned.sortedByCoord.out.bam,SRR10039505,D6A2S8,D6,ICM,ICM_D6,ICM_CS3,ICM_CS3,ICM_CS3,543
SRR10039504Aligned.sortedByCoord.out.bam,SRR10039504,D6A2S7,D6,ICM,ICM_D6,ICM_CS3,ICM_CS3,ICM_CS3,544
SRR10039503Aligned.sortedByCoord.out.bam,SRR10039503,D6A2S6,D6,ICM,ICM_D6,ICM_CS3,ICM_CS3,ICM_CS3,545
SRR10039501Aligned.sortedByCoord.out.bam,SRR10039501,D6A1B1,D6,ICM,ICM_D6,ICM_CS3,ICM_CS3,ICM_CS3,546
SRR10039498Aligned.sortedByCoord.out.bam,SRR10039498,D6A1S2,D6,EPI,EPI_D6,EPI_CS3,EPI_CS3,Epi_CS3,547
SRR10039497Aligned.sortedByCoord.out.bam,SRR10039497,D6A1S1,D6,ICM,ICM_D6,ICM_CS3,ICM_CS3,ICM_CS3,548